asset_id,asset_type,purchase_date,warranty_expiry,cost,department,status,vendor,owner,criticality,replacement_priority,business_impact_score,asset_age,incident_count,downtime_hours,age_score,incident_score,downtime_score,priority_score,impact_score,risk_score,risk_category,target_high_risk,predicted_risk_probability
1,Storage,2023-01-09,2026-01-08,8439,Finance,In Maintenance,Chapman-Arnold,Julie Howell,High,5,8,3.106849315068493,3.0,13.0,0.38809034907597534,0.375,0.325,1.0,0.8,0.525118069815195,Medium Risk,1,0.75
2,Laptop,2024-02-04,2027-02-03,2479,IT,In Maintenance,Munoz-Meadows,Joshua Moore,Low,2,2,2.0356164383561643,3.0,6.0,0.2542778918548939,0.375,0.15,0.4,0.2,0.2833555783709788,Low Risk,0,0.0
3,Network Device,2025-05-18,2028-05-17,4171,HR,Retired,Rodriguez-Williams,Natasha Hernandez,Low,4,2,0.7506849315068493,1.0,3.0,0.09377138945927448,0.125,0.075,0.8,0.2,0.2212542778918549,Low Risk,0,0.0
4,Server,2022-01-10,2025-01-09,13742,Operations,In Maintenance,Alvarez LLC,Donald Bradford,Low,4,9,4.104109589041096,2.0,13.0,0.512662559890486,0.25,0.325,0.8,0.9,0.4975325119780972,Medium Risk,1,0.82
5,Laptop,2019-03-22,2022-03-21,2264,Finance,Active,Hernandez-Taylor,Shawn Jackson,Low,3,4,6.912328767123288,1.0,2.0,0.8634496919917864,0.125,0.05,0.6,0.4,0.3701899383983573,Low Risk,0,0.0
6,Laptop,2021-06-16,2024-06-15,1888,Finance,Retired,Contreras PLC,Sara Patrick,Low,1,8,4.673972602739726,1.0,6.0,0.5838466803559206,0.125,0.15,0.2,0.8,0.33426933607118414,Low Risk,0,0.0
7,Desktop,2022-06-22,2025-06-21,1413,Finance,Active,Washington-Morse,Christopher Bryant,Medium,1,5,3.6575342465753424,2.0,15.0,0.4568788501026694,0.25,0.375,0.2,0.5,0.34637577002053394,Low Risk,0,0.0
8,Server,2025-10-24,2028-10-23,11141,Operations,Active,"Johnson, Farley and Robinson",Kerry Gonzalez,High,5,7,0.3150684931506849,2.0,15.0,0.039356605065023954,0.25,0.375,1.0,0.7,0.4128713210130048,Medium Risk,0,0.04
9,Storage,2023-09-30,2026-09-29,5950,IT,Active,Cunningham PLC,Aimee Ray,High,5,7,2.3835616438356166,1.0,3.0,0.29774127310061604,0.125,0.075,1.0,0.7,0.3670482546201232,Low Risk,0,0.0
10,Storage,2022-03-13,2025-03-12,6945,Operations,Retired,Roberts Group,Erin Gregory,High,2,8,3.9342465753424656,0.0,0.0,0.4914442162902122,0.0,0.0,0.4,0.8,0.27828884325804243,Low Risk,0,0.0
11,Server,2025-11-13,2028-11-12,12529,HR,Retired,Garza Group,Daniel Briggs,High,4,5,0.2602739726027397,4.0,20.0,0.0325119780971937,0.5,0.5,0.8,0.5,0.4515023956194388,Medium Risk,0,0.16
12,Storage,2023-04-26,2026-04-25,5588,Finance,In Maintenance,"Rice, Martinez and Gonzalez",Brenda Freeman,Medium,5,5,2.813698630136986,2.0,8.0,0.3514715947980835,0.25,0.2,1.0,0.5,0.4102943189596167,Medium Risk,0,0.01
13,Network Device,2022-03-18,2025-03-17,7655,HR,In Maintenance,Gilbert PLC,Jordan Lopez,Medium,2,7,3.9205479452054797,1.0,3.0,0.48973305954825463,0.125,0.075,0.4,0.7,0.3154466119096509,Low Risk,0,0.0
14,Network Device,2020-08-05,2023-08-05,2873,IT,In Maintenance,"Hunter, Petersen and Navarro",Mackenzie Baker MD,Low,3,10,5.536986301369863,3.0,17.0,0.6916495550992471,0.375,0.425,0.6,1.0,0.5758299110198495,Medium Risk,1,0.91
15,Server,2020-05-07,2023-05-07,9837,Finance,Retired,Hardy-Bradford,Sharon Parker,Medium,3,1,5.7835616438356166,2.0,10.0,0.7224503764544832,0.25,0.25,0.6,0.1,0.3744900752908966,Low Risk,0,0.1
16,Storage,2018-04-04,2021-04-03,3803,Risk,Retired,Clay-Foster,Dr. Melissa Caldwell MD,Medium,3,4,7.876712328767123,6.0,23.0,0.9839151266255989,0.75,0.575,0.6,0.4,0.6867830253251197,Medium Risk,1,0.97
17,Storage,2018-12-08,2021-12-07,8772,IT,Retired,Mccoy-Reyes,Jon Murray,High,5,5,7.197260273972603,1.0,8.0,0.8990417522245038,0.125,0.2,1.0,0.5,0.4823083504449008,Medium Risk,0,0.09
18,Desktop,2018-08-03,2021-08-02,998,Compliance,Retired,Boyle-Watson,Cheryl Hicks,High,3,8,7.545205479452055,1.0,3.0,0.9425051334702259,0.125,0.075,0.6,0.8,0.4510010266940452,Medium Risk,0,0.04
19,Laptop,2025-07-05,2028-07-04,2186,HR,Retired,Valentine-Smith,William Vincent,High,1,5,0.6191780821917808,2.0,14.0,0.07734428473648186,0.25,0.35,0.2,0.5,0.26546885694729633,Low Risk,0,0.0
20,Server,2023-04-21,2026-04-20,11807,IT,Active,"Williams, Lopez and Payne",Shannon Barrera,High,5,6,2.8273972602739725,2.0,8.0,0.35318275154004103,0.25,0.2,1.0,0.6,0.4256365503080082,Medium Risk,0,0.01
21,Storage,2020-10-26,2023-10-26,11221,HR,Active,Hall and Sons,William Rocha,Medium,4,5,5.3123287671232875,1.0,4.0,0.663586584531143,0.125,0.1,0.8,0.5,0.3852173169062286,Low Risk,0,0.02
22,Server,2022-11-02,2025-11-01,6886,Operations,Active,Arroyo Group,Edward Reed,High,2,7,3.293150684931507,3.0,24.0,0.4113620807665982,0.375,0.6,0.4,0.7,0.4797724161533196,Medium Risk,0,0.13
23,Storage,2021-04-09,2024-04-08,8992,Finance,In Maintenance,"Smith, Hunt and May",David Hansen,High,3,9,4.86027397260274,4.0,11.0,0.6071184120465435,0.5,0.275,0.6,0.9,0.5514236824093087,Medium Risk,1,0.74
24,Laptop,2019-06-20,2022-06-19,1931,HR,Retired,Thomas LLC,John Harris,Low,3,10,6.6657534246575345,1.0,5.0,0.8326488706365504,0.125,0.125,0.6,1.0,0.46902977412731006,Medium Risk,0,0.28
25,Network Device,2018-11-28,2021-11-27,7230,HR,Active,"Bryant, Wilkerson and Johnson",Dwayne Bennett,Low,2,8,7.2246575342465755,3.0,18.0,0.9024640657084189,0.375,0.45,0.4,0.8,0.5629928131416838,Medium Risk,1,0.58
26,Laptop,2021-05-12,2024-05-11,2268,Risk,In Maintenance,Brown Group,Wendy Martin,Low,2,2,4.76986301369863,1.0,4.0,0.5958247775496235,0.125,0.1,0.4,0.2,0.26666495550992475,Low Risk,0,0.0
27,Network Device,2025-11-05,2028-11-04,7743,HR,Retired,Wyatt-Barrett,David Browning,Medium,1,3,0.2821917808219178,4.0,22.0,0.035249828884325804,0.5,0.55,0.2,0.3,0.34204996577686514,Low Risk,0,0.0
28,Laptop,2025-03-13,2028-03-12,1076,HR,In Maintenance,Small-Kelly,Elizabeth Roman,High,1,4,0.9315068493150684,4.0,21.0,0.1163586584531143,0.5,0.525,0.2,0.4,0.36827173169062283,Low Risk,0,0.09
29,Storage,2021-10-25,2024-10-24,5222,Operations,In Maintenance,Soto and Sons,William Morgan,Medium,5,7,4.315068493150685,2.0,9.0,0.5390143737166324,0.25,0.225,1.0,0.7,0.4828028747433265,Medium Risk,0,0.06
30,Storage,2020-06-03,2023-06-03,5531,Operations,Retired,Nichols-Thomas,Dakota Mcdaniel,High,4,10,5.7095890410958905,0.0,0.0,0.7132101300479123,0.0,0.0,0.8,1.0,0.41264202600958244,Medium Risk,0,0.07
31,Network Device,2022-05-06,2025-05-05,4291,Finance,Retired,"Webb, Hardy and Thomas",Susan Thompson,Medium,2,8,3.786301369863014,0.0,0.0,0.4729637234770705,0.0,0.0,0.4,0.8,0.2745927446954141,Low Risk,0,0.0
32,Network Device,2025-03-07,2028-03-06,3934,HR,Active,Davis-Williams,David West,Low,3,9,0.947945205479452,2.0,11.0,0.11841204654346338,0.25,0.275,0.6,0.9,0.3786824093086927,Low Risk,0,0.03
33,Server,2020-03-30,2023-03-30,5992,Operations,In Maintenance,Harvey-Roberts,Calvin Harrison,High,1,8,5.887671232876713,2.0,11.0,0.7354551676933607,0.25,0.275,0.2,0.8,0.42709103353867217,Medium Risk,0,0.09
34,Laptop,2020-01-30,2023-01-29,2357,IT,Retired,Hernandez-Hayes,Audrey Spencer,Low,5,1,6.052054794520548,2.0,3.0,0.7559890485968515,0.25,0.075,1.0,0.1,0.40619780971937036,Medium Risk,0,0.1
35,Laptop,2018-09-08,2021-09-07,1683,IT,Active,Rose Ltd,Jamie Rojas,Low,2,2,7.446575342465754,1.0,2.0,0.9301848049281314,0.125,0.05,0.4,0.2,0.32353696098562634,Low Risk,0,0.0
36,Storage,2020-02-29,2023-02-28,6394,Risk,Active,Taylor Ltd,Melissa Patterson,High,3,3,5.96986301369863,5.0,20.0,0.7457221081451061,0.625,0.5,0.6,0.3,0.5716444216290212,Medium Risk,1,0.95
37,Storage,2021-10-15,2024-10-14,3046,HR,Active,"Fitzpatrick, Weber and Hall",Jeffrey Hanna,High,5,5,4.342465753424658,4.0,17.0,0.5424366872005476,0.5,0.425,1.0,0.5,0.5684873374401095,Medium Risk,1,0.8
38,Desktop,2018-03-12,2021-03-11,1025,Compliance,Active,"Hudson, Mitchell and Perry",Laurie Beck,High,1,6,7.93972602739726,0.0,0.0,0.9917864476386036,0.0,0.0,0.2,0.6,0.3183572895277207,Low Risk,0,0.0
39,Desktop,2020-08-27,2023-08-27,1463,Finance,Active,Ellis Ltd,Elizabeth Tran,Medium,1,3,5.476712328767123,1.0,6.0,0.6841204654346338,0.125,0.15,0.2,0.3,0.27932409308692674,Low Risk,0,0.0
40,Network Device,2019-05-27,2022-05-26,6309,Finance,Retired,Erickson-Hansen,Dawn Randall,High,4,8,6.7315068493150685,2.0,11.0,0.8408624229979466,0.25,0.275,0.8,0.8,0.5381724845995893,Medium Risk,1,0.6
41,Server,2021-11-16,2024-11-15,13408,Risk,Active,Garcia-Bailey,Julia Anderson,Medium,5,4,4.254794520547946,2.0,14.0,0.5314852840520192,0.25,0.35,1.0,0.4,0.46129705681040384,Medium Risk,0,0.06
42,Storage,2026-01-27,2029-01-26,3710,Compliance,Retired,Patel-Henry,Miguel Hudson,Low,3,8,0.0547945205479452,0.0,0.0,0.006844626967830253,0.0,0.0,0.6,0.8,0.21136892539356605,Low Risk,0,0.0
43,Laptop,2019-01-11,2022-01-10,1124,Operations,In Maintenance,Morales LLC,Carla Perez,Medium,1,8,7.104109589041096,2.0,8.0,0.8874058863791924,0.25,0.2,0.2,0.8,0.44248117727583847,Medium Risk,0,0.08
44,Network Device,2023-01-31,2026-01-30,2602,Finance,In Maintenance,"Campbell, Hernandez and Reed",Sarah Price,Low,2,2,3.0465753424657533,2.0,10.0,0.38056125941136204,0.25,0.25,0.4,0.2,0.2911122518822724,Low Risk,0,0.0
45,Desktop,2018-11-25,2021-11-24,1363,Risk,Retired,Cooper-Turner,Carla Wilson,Low,5,6,7.232876712328767,3.0,11.0,0.9034907597535934,0.375,0.275,1.0,0.6,0.5881981519507187,Medium Risk,1,0.81
46,Network Device,2019-06-06,2022-06-05,6893,Risk,In Maintenance,Graham-Santos,Ethan Perkins,Medium,5,10,6.704109589041096,1.0,6.0,0.8374401095140315,0.125,0.15,1.0,1.0,0.5349880219028064,Medium Risk,1,0.8
47,Network Device,2019-08-31,2022-08-30,2812,Compliance,Active,Harmon and Sons,Carol Dixon,Low,5,4,6.468493150684932,0.0,0.0,0.8080082135523614,0.0,0.0,1.0,0.4,0.3716016427104723,Low Risk,0,0.01
48,Network Device,2022-03-30,2025-03-29,5699,IT,In Maintenance,"Wolf, Ibarra and Burnett",Christina Gray,Medium,4,7,3.8876712328767122,2.0,13.0,0.4856262833675564,0.25,0.325,0.8,0.7,0.4621252566735113,Medium Risk,0,0.14
49,Network Device,2019-10-06,2022-10-05,7976,Finance,In Maintenance,"Smith, Cole and Gordon",Katie Black,Medium,3,5,6.36986301369863,2.0,12.0,0.795687885010267,0.25,0.3,0.6,0.5,0.45913757700205343,Medium Risk,0,0.13
50,Server,2023-10-24,2026-10-23,7500,Compliance,In Maintenance,Bennett and Sons,Laura Young,High,1,2,2.317808219178082,1.0,2.0,0.28952772073921973,0.125,0.05,0.2,0.2,0.16540554414784395,Low Risk,0,0.0
51,Laptop,2023-10-20,2026-10-19,1884,Finance,Retired,Farrell Ltd,William Lee,Low,3,3,2.328767123287671,3.0,7.0,0.29089664613278576,0.375,0.175,0.6,0.3,0.34067932922655714,Low Risk,0,0.0
52,Storage,2023-03-22,2026-03-21,3982,Risk,Retired,Joyce PLC,Keith Williams,Low,3,2,2.9095890410958902,2.0,6.0,0.3634496919917864,0.25,0.15,0.6,0.2,0.29768993839835733,Low Risk,0,0.0
53,Network Device,2023-06-11,2026-06-10,4896,Compliance,In Maintenance,Patterson Inc,Joshua Thornton,Low,1,5,2.6876712328767125,3.0,14.0,0.33572895277207393,0.375,0.35,0.2,0.5,0.35464579055441475,Low Risk,0,0.01
54,Storage,2022-02-22,2025-02-21,8119,HR,Active,Lane-Johnson,Thomas Kirk,Low,5,4,3.9863013698630136,2.0,11.0,0.4979466119096509,0.25,0.275,1.0,0.4,0.4395893223819302,Medium Risk,0,0.02
55,Desktop,2025-07-24,2028-07-23,1787,IT,Active,"Campos, Dodson and Everett",Henry Hicks,Medium,5,6,0.5671232876712329,0.0,0.0,0.07084188911704312,0.0,0.0,1.0,0.6,0.2541683778234086,Low Risk,0,0.0
56,Laptop,2022-05-11,2025-05-10,1570,Risk,Active,Austin-Blair,Emily Frye,Medium,5,10,3.7726027397260276,2.0,6.0,0.47125256673511295,0.25,0.15,1.0,1.0,0.49925051334702264,Medium Risk,1,0.19
57,Storage,2020-10-07,2023-10-07,3430,Risk,Retired,"Callahan, Chase and Brewer",Bobby Peterson,Low,3,1,5.364383561643836,1.0,7.0,0.6700889801505817,0.125,0.175,0.6,0.1,0.31151779603011637,Low Risk,0,0.0
58,Desktop,2019-03-06,2022-03-05,1359,Compliance,In Maintenance,Charles and Sons,Jennifer Jones,Medium,3,1,6.956164383561644,1.0,6.0,0.8689253935660507,0.125,0.15,0.6,0.1,0.3462850787132101,Low Risk,0,0.0
59,Desktop,2022-07-24,2025-07-23,1093,Risk,Retired,Collier Inc,Samantha Robinson,Medium,1,3,3.56986301369863,3.0,14.0,0.445927446954141,0.375,0.35,0.2,0.3,0.34668548939082816,Low Risk,0,0.02
60,Laptop,2022-12-31,2025-12-30,1187,Compliance,Retired,"Turner, Nielsen and Jones",Luke Moore,High,4,7,3.1315068493150684,1.0,6.0,0.39117043121149897,0.125,0.15,0.8,0.7,0.37073408624229975,Low Risk,0,0.0
61,Network Device,2019-11-08,2022-11-07,4792,IT,In Maintenance,Greene and Sons,Rachel Mckenzie,Medium,3,10,6.279452054794521,4.0,13.0,0.7843942505133471,0.5,0.325,0.6,1.0,0.6118788501026695,Medium Risk,1,0.97
62,Storage,2018-06-25,2021-06-24,4391,Finance,Active,"Kidd, Taylor and Morse",Amy Chambers,High,5,1,7.652054794520548,2.0,5.0,0.9558521560574949,0.25,0.125,1.0,0.1,0.45617043121149903,Medium Risk,0,0.12
63,Laptop,2024-09-08,2027-09-08,1557,Operations,Retired,"Sullivan, Fields and Ford",Tracey Gonzalez,Medium,4,10,1.441095890410959,0.0,0.0,0.18001368925393565,0.0,0.0,0.8,1.0,0.30600273785078713,Low Risk,0,0.0
64,Network Device,2025-02-09,2028-02-09,5392,HR,Active,Douglas Group,Isabella Douglas MD,Low,1,6,1.0191780821917809,4.0,25.0,0.1273100616016427,0.5,0.625,0.2,0.6,0.42046201232032854,Medium Risk,0,0.2
65,Network Device,2022-09-20,2025-09-19,2908,HR,Retired,"Stark, Wright and Jones",Jack Wilson,Low,5,8,3.410958904109589,5.0,26.0,0.4260780287474332,0.625,0.65,1.0,0.8,0.6727156057494866,Medium Risk,1,0.98
66,Storage,2021-11-09,2024-11-08,8053,Finance,Active,"Ortiz, Carr and White",Janet Avery,Medium,5,1,4.273972602739726,2.0,6.0,0.5338809034907598,0.25,0.15,1.0,0.1,0.376776180698152,Low Risk,0,0.01
67,Laptop,2021-12-28,2024-12-27,1418,HR,Active,"Snow, Herring and Reid",David Smith,High,3,5,4.13972602739726,0.0,0.0,0.5171115674195755,0.0,0.0,0.6,0.5,0.2684223134839151,Low Risk,0,0.0
68,Server,2021-03-13,2024-03-12,6965,Finance,In Maintenance,"Pope, Chung and Morgan",Anthony Nguyen,Low,4,3,4.934246575342466,0.0,0.0,0.6163586584531143,0.0,0.0,0.8,0.3,0.28827173169062287,Low Risk,0,0.0
69,Desktop,2019-11-23,2022-11-22,1578,Risk,Retired,Shea-Ferguson,Cody Jenkins,High,5,9,6.238356164383561,1.0,7.0,0.7792607802874743,0.125,0.175,1.0,0.9,0.5133521560574948,Medium Risk,1,0.61
70,Server,2021-03-25,2024-03-24,6180,Operations,Retired,Thomas-Michael,Kimberly Hardy,High,4,1,4.901369863013699,1.0,4.0,0.6122518822724161,0.125,0.1,0.8,0.1,0.31495037645448326,Low Risk,0,0.0
71,Network Device,2023-06-06,2026-06-05,2637,HR,Retired,"Green, Davis and Rivera",Timothy Smith,Medium,5,7,2.7013698630136984,2.0,11.0,0.33744010951403147,0.25,0.275,1.0,0.7,0.45248802190280624,Medium Risk,0,0.02
72,Network Device,2024-02-10,2027-02-09,4371,Finance,In Maintenance,"Humphrey, Harris and Moore",Timothy Obrien,High,3,3,2.0191780821917806,2.0,9.0,0.2522245037645448,0.25,0.225,0.6,0.3,0.3054449007529089,Low Risk,0,0.0
73,Storage,2025-09-16,2028-09-15,10538,Compliance,In Maintenance,Palmer-Fisher,Dawn Pierce,High,4,2,0.4191780821917808,5.0,23.0,0.052361396303901436,0.625,0.575,0.8,0.2,0.46297227926078033,Medium Risk,0,0.54
74,Desktop,2019-01-30,2022-01-29,1692,Risk,In Maintenance,Owens-Lee,Matthew Martin,Low,1,7,7.052054794520548,1.0,6.0,0.8809034907597536,0.125,0.15,0.2,0.7,0.3786806981519507,Low Risk,0,0.01
75,Server,2023-04-25,2026-04-24,10562,IT,In Maintenance,House PLC,James Clark,High,1,9,2.8164383561643835,2.0,13.0,0.351813826146475,0.25,0.325,0.2,0.9,0.375362765229295,Low Risk,0,0.05
76,Laptop,2025-12-12,2028-12-11,2086,Risk,Active,Green PLC,Amy Goodwin,Medium,3,3,0.18082191780821918,4.0,10.0,0.022587268993839837,0.5,0.25,0.6,0.3,0.3395174537987679,Low Risk,0,0.09
77,Desktop,2026-01-04,2029-01-03,1010,IT,In Maintenance,Wilson Ltd,James Bradford,High,2,10,0.1178082191780822,1.0,4.0,0.014715947980835045,0.125,0.1,0.4,1.0,0.270443189596167,Low Risk,0,0.0
78,Desktop,2025-08-02,2028-08-01,954,IT,Retired,"Moore, Lewis and Mcbride",Christina Jennings,Medium,4,10,0.5424657534246575,2.0,11.0,0.0677618069815195,0.25,0.275,0.8,1.0,0.4135523613963039,Medium Risk,0,0.02
79,Storage,2020-10-06,2023-10-06,10354,Compliance,Retired,"Wilson, Peterson and Gray",Danielle Brown,Low,5,6,5.367123287671233,1.0,4.0,0.6704312114989733,0.125,0.1,1.0,0.6,0.4315862422997947,Medium Risk,0,0.05
80,Server,2024-08-17,2027-08-17,7473,Operations,Active,Rowe-Francis,Angela Hardy,Medium,4,5,1.5013698630136987,4.0,18.0,0.18754277891854895,0.5,0.45,0.8,0.5,0.4725085557837098,Medium Risk,0,0.58
81,Server,2021-11-10,2024-11-09,14689,Finance,In Maintenance,Duffy and Sons,Jennifer Hubbard,Low,1,5,4.271232876712329,5.0,25.0,0.5335386721423683,0.625,0.625,0.2,0.5,0.5242077344284736,Medium Risk,1,0.92
82,Network Device,2018-02-16,2021-02-15,5702,Finance,Active,Cooper-Wallace,Elizabeth Cummings,Medium,3,2,8.005479452054795,2.0,3.0,1.0,0.25,0.075,0.6,0.2,0.41000000000000003,Medium Risk,0,0.04
83,Laptop,2025-04-05,2028-04-04,2259,Risk,Retired,"Wells, Howe and Lewis",Bryan Rice,Medium,4,10,0.8684931506849315,1.0,2.0,0.10848733744010951,0.125,0.05,0.8,1.0,0.33919746748802193,Low Risk,0,0.01
84,Storage,2020-07-09,2023-07-09,3672,Operations,Retired,Campbell-Scott,Olivia Perez,Low,2,6,5.610958904109589,3.0,5.0,0.7008898015058179,0.375,0.125,0.4,0.6,0.42767796030116356,Medium Risk,0,0.06
85,Storage,2020-10-08,2023-10-08,10792,Risk,Active,Cook-Conley,Carmen Carroll DDS,High,4,2,5.361643835616438,2.0,10.0,0.6697467488021902,0.25,0.25,0.8,0.2,0.40894934976043806,Medium Risk,0,0.02
86,Server,2021-12-20,2024-12-19,6381,Risk,Retired,Cooley-Gibson,Gregory Rivera,High,1,4,4.161643835616438,5.0,25.0,0.5198494182067077,0.625,0.625,0.2,0.4,0.5064698836413415,Medium Risk,1,0.9
87,Network Device,2020-05-04,2023-05-04,5599,Risk,Retired,Hensley-Diaz,Michael Jackson,Low,2,6,5.791780821917809,5.0,14.0,0.7234770704996578,0.625,0.35,0.4,0.6,0.5521954140999316,Medium Risk,1,0.43
88,Server,2024-09-23,2027-09-23,9634,Operations,In Maintenance,Callahan-Morton,Ana Lewis,Medium,5,1,1.4,5.0,22.0,0.17488021902806294,0.625,0.55,1.0,0.1,0.4974760438056126,Medium Risk,1,0.82
89,Server,2023-05-06,2026-05-05,6079,HR,Active,"Wilson, Franklin and Williams",Christopher Valdez,Low,4,5,2.786301369863014,1.0,5.0,0.3480492813141684,0.125,0.125,0.8,0.5,0.3271098562628337,Low Risk,0,0.0
90,Server,2021-05-21,2024-05-20,14874,IT,In Maintenance,Rangel-Griffith,Lisa Williams,High,5,3,4.745205479452054,0.0,0.0,0.5927446954140999,0.0,0.0,1.0,0.3,0.31354893908281994,Low Risk,0,0.0
91,Server,2021-03-14,2024-03-13,10082,Compliance,Retired,Collins-Salazar,Natalie Delacruz,Low,4,3,4.931506849315069,1.0,3.0,0.6160164271047228,0.125,0.075,0.8,0.3,0.3407032854209445,Low Risk,0,0.0
92,Storage,2019-01-09,2022-01-08,4388,HR,Retired,Armstrong-Powell,Rhonda Watson,Medium,3,3,7.109589041095891,2.0,9.0,0.8880903490759754,0.25,0.225,0.6,0.3,0.43261806981519507,Medium Risk,0,0.06
93,Storage,2018-08-30,2021-08-29,4531,Compliance,Retired,"Bell, Anderson and Henson",Priscilla Murphy,Medium,5,6,7.471232876712329,1.0,2.0,0.9332648870636551,0.125,0.05,1.0,0.6,0.474152977412731,Medium Risk,0,0.03
94,Laptop,2022-03-17,2025-03-16,1742,HR,Active,"White, Bailey and Wright",Thomas Herman,High,3,8,3.9232876712328766,0.0,0.0,0.4900752908966461,0.0,0.0,0.6,0.8,0.3080150581793292,Low Risk,0,0.0
95,Desktop,2025-08-06,2028-08-05,1263,IT,Active,"Smith, Davis and Delgado",James Tucker,High,3,2,0.5315068493150685,2.0,6.0,0.06639288158795346,0.25,0.15,0.6,0.2,0.23827857631759067,Low Risk,0,0.0
96,Storage,2020-05-13,2023-05-13,11843,Compliance,Retired,Green-Lin,Harry Evans,High,3,10,5.767123287671233,2.0,14.0,0.7203969883641342,0.25,0.35,0.6,1.0,0.5290793976728269,Medium Risk,1,0.85
97,Desktop,2020-10-29,2023-10-29,1571,IT,Active,Mckinney Group,Carlos Clark,High,5,3,5.304109589041096,1.0,4.0,0.6625598904859685,0.125,0.1,1.0,0.3,0.38501197809719373,Low Risk,0,0.01
98,Network Device,2019-01-26,2022-01-25,2357,Operations,In Maintenance,"Torres, Martin and Smith",Kevin Terry,Low,2,8,7.063013698630137,0.0,0.0,0.8822724161533195,0.0,0.0,0.4,0.8,0.3564544832306639,Low Risk,0,0.0
99,Storage,2022-04-25,2025-04-24,7668,Compliance,In Maintenance,Jacobs-Rose,Ryan Barnes,High,5,4,3.8164383561643835,3.0,14.0,0.47672826830937715,0.375,0.35,1.0,0.4,0.48784565366187543,Medium Risk,0,0.17
100,Server,2024-05-27,2027-05-27,12684,IT,In Maintenance,Taylor Inc,Steven Aguilar,Low,5,8,1.726027397260274,3.0,14.0,0.21560574948665298,0.375,0.35,1.0,0.8,0.4956211498973305,Medium Risk,1,0.75
101,Network Device,2020-09-29,2023-09-29,4308,Operations,Retired,Flores-Morales,Erica Huber,Low,4,3,5.3863013698630136,1.0,7.0,0.6728268309377139,0.125,0.175,0.8,0.3,0.37206536618754277,Low Risk,0,0.01
102,Desktop,2025-11-03,2028-11-02,1083,HR,Active,Bryant-Warren,Jerry Campbell,Low,4,6,0.2876712328767123,0.0,0.0,0.03593429158110883,0.0,0.0,0.8,0.6,0.21718685831622175,Low Risk,0,0.0
103,Storage,2022-05-01,2025-04-30,4680,Compliance,Retired,Carlson-Scott,Michael Brown,High,3,2,3.8,0.0,0.0,0.47467488021902804,0.0,0.0,0.6,0.2,0.2149349760438056,Low Risk,0,0.0
104,Desktop,2023-07-17,2026-07-16,1358,Operations,Retired,Curtis-Davis,Jerry Rice,High,4,2,2.589041095890411,4.0,23.0,0.32340862422997946,0.5,0.575,0.8,0.2,0.4796817248459959,Medium Risk,0,0.15
105,Desktop,2023-02-08,2026-02-07,1723,HR,Active,Phillips-Bradford,Mrs. Kara Harper,Medium,1,7,3.0246575342465754,1.0,6.0,0.37782340862423,0.125,0.15,0.2,0.7,0.278064681724846,Low Risk,0,0.0
106,Storage,2022-11-08,2025-11-07,9126,IT,In Maintenance,"Donaldson, Patterson and Thompson",Amy White,High,3,4,3.276712328767123,3.0,15.0,0.40930869267624914,0.375,0.375,0.6,0.4,0.4193617385352498,Medium Risk,0,0.03
107,Laptop,2020-06-25,2023-06-25,1652,Finance,Retired,"Fisher, Smith and Mendoza",Jeffrey Morris,Low,3,3,5.64931506849315,4.0,11.0,0.705681040383299,0.5,0.275,0.6,0.3,0.48113620807665974,Medium Risk,0,0.09
108,Desktop,2020-03-08,2023-03-08,878,HR,In Maintenance,Atkinson-Sullivan,Jane Parker,Low,2,8,5.947945205479452,1.0,1.0,0.7429842573579739,0.125,0.025,0.4,0.8,0.37109685147159477,Low Risk,0,0.0
109,Network Device,2021-01-18,2024-01-18,7040,Finance,Active,Kirby-Swanson,Cathy Franklin,High,3,4,5.082191780821918,1.0,1.0,0.634839151266256,0.125,0.025,0.6,0.4,0.3194678302532512,Low Risk,0,0.0
110,Desktop,2026-01-13,2029-01-12,1923,Compliance,Retired,Wolf-Bailey,David Hayes,Low,4,2,0.09315068493150686,0.0,0.0,0.01163586584531143,0.0,0.0,0.8,0.2,0.15232717316906227,Low Risk,0,0.0
111,Server,2019-12-14,2022-12-13,8893,HR,Active,Short LLC,Emily Jones,High,2,7,6.1808219178082195,0.0,0.0,0.7720739219712526,0.0,0.0,0.4,0.7,0.31941478439425053,Low Risk,0,0.0
112,Storage,2021-01-05,2024-01-05,10489,Finance,Active,Ramirez-Campbell,Mario Smith,Medium,5,9,5.117808219178082,0.0,0.0,0.6392881587953456,0.0,0.0,1.0,0.9,0.41285763175906914,Medium Risk,0,0.09
113,Laptop,2023-03-08,2026-03-07,2294,Risk,Retired,Adams Inc,Frank Pruitt,High,2,5,2.947945205479452,3.0,16.0,0.3682409308692676,0.375,0.4,0.4,0.5,0.40114818617385356,Medium Risk,0,0.01
114,Network Device,2025-08-15,2028-08-14,2012,Risk,In Maintenance,"Harper, Duarte and Lee",Alexis Martin,High,5,7,0.5068493150684932,2.0,11.0,0.06331279945242985,0.25,0.275,1.0,0.7,0.39766255989048593,Low Risk,0,0.01
115,Desktop,2020-04-06,2023-04-06,975,Risk,In Maintenance,"Robinson, Cline and Perry",Janet Bishop,High,5,9,5.868493150684931,2.0,9.0,0.73305954825462,0.25,0.225,1.0,0.9,0.551611909650924,Medium Risk,1,0.93
116,Storage,2023-10-20,2026-10-19,11316,Risk,Active,Wiggins LLC,Erin Galloway,Medium,4,1,2.328767123287671,1.0,2.0,0.29089664613278576,0.125,0.05,0.8,0.1,0.24067932922655716,Low Risk,0,0.0
117,Network Device,2025-05-23,2028-05-22,5058,HR,Retired,Peters-Curry,Maria Smith,High,3,2,0.736986301369863,2.0,4.0,0.0920602327173169,0.25,0.1,0.6,0.2,0.2334120465434634,Low Risk,0,0.0
118,Server,2019-01-18,2022-01-17,8950,Compliance,Retired,"Wilson, Jones and Copeland",Amy Tran,Low,1,10,7.0849315068493155,2.0,6.0,0.8850102669404518,0.25,0.15,0.2,1.0,0.4620020533880904,Medium Risk,0,0.23
119,Server,2024-06-26,2027-06-26,7185,Finance,In Maintenance,Harrell-Wilson,Megan Holloway,Low,3,3,1.643835616438356,0.0,0.0,0.2053388090349076,0.0,0.0,0.6,0.3,0.17606776180698153,Low Risk,0,0.0
120,Network Device,2024-06-18,2027-06-18,7696,Operations,Retired,Mahoney-Gutierrez,Donna Leon,High,2,2,1.6657534246575343,1.0,3.0,0.2080766598220397,0.125,0.075,0.4,0.2,0.18411533196440796,Low Risk,0,0.0
121,Network Device,2022-03-09,2025-03-08,2302,HR,Active,Schmidt Group,Craig Barber,High,2,1,3.9452054794520546,3.0,17.0,0.4928131416837782,0.375,0.425,0.4,0.1,0.3710626283367557,Low Risk,0,0.06
122,Server,2023-10-26,2026-10-25,10080,Risk,In Maintenance,Perkins-Villa,Karl Mitchell,Low,4,5,2.3123287671232875,4.0,20.0,0.28884325804243666,0.5,0.5,0.8,0.5,0.5027686516084873,Medium Risk,1,0.81
123,Laptop,2024-03-24,2027-03-24,2324,IT,In Maintenance,"Reyes, White and Mcmahon",Shelly Stafford,Medium,1,6,1.9013698630136986,3.0,12.0,0.23750855578370977,0.375,0.3,0.2,0.6,0.34000171115674194,Low Risk,0,0.0
124,Server,2018-05-29,2021-05-28,7039,HR,In Maintenance,"Owens, Romero and Washington",Jordan Miller,Medium,4,7,7.726027397260274,0.0,0.0,0.9650924024640657,0.0,0.0,0.8,0.7,0.4180184804928131,Medium Risk,0,0.01
125,Server,2024-02-03,2027-02-02,8060,Operations,Retired,"Hayes, Colon and Griffin",Andrea Yu,Medium,3,9,2.0383561643835617,0.0,0.0,0.2546201232032854,0.0,0.0,0.6,0.9,0.27592402464065713,Low Risk,0,0.0
126,Server,2024-11-17,2027-11-17,6353,Compliance,In Maintenance,"Hebert, Yu and Caldwell",Lisa Marks,High,4,10,1.2493150684931507,0.0,0.0,0.15605749486652976,0.0,0.0,0.8,1.0,0.3012114989733059,Low Risk,0,0.0
127,Desktop,2025-05-31,2028-05-30,1917,HR,In Maintenance,"Garcia, Howard and Mendoza",Allison Smith,High,1,6,0.7150684931506849,1.0,5.0,0.0893223819301848,0.125,0.125,0.2,0.6,0.20036447638603697,Low Risk,0,0.0
128,Server,2018-08-31,2021-08-30,10021,Operations,Retired,Mathis Inc,Melody Harris,Low,4,3,7.468493150684932,2.0,10.0,0.9329226557152636,0.25,0.25,0.8,0.3,0.4765845311430527,Medium Risk,0,0.11
129,Network Device,2018-04-11,2021-04-10,4879,Operations,Active,Larson-Williams,Lisa Wilson,Low,3,10,7.857534246575343,2.0,9.0,0.9815195071868583,0.25,0.225,0.6,1.0,0.5563039014373716,Medium Risk,1,0.84
130,Network Device,2020-05-11,2023-05-11,4249,Compliance,Active,"Brown, Savage and Hart",Daniel Sexton,High,4,6,5.772602739726027,5.0,25.0,0.7210814510609171,0.625,0.625,0.8,0.6,0.6667162902121834,Medium Risk,1,1.0
131,Storage,2018-06-19,2021-06-18,5621,Finance,Active,Oneill-Jenkins,Kara Boyd,Low,4,1,7.668493150684932,1.0,3.0,0.957905544147844,0.125,0.075,0.8,0.1,0.3790811088295688,Low Risk,0,0.03
132,Desktop,2021-05-07,2024-05-06,937,IT,Retired,Holt-Jenkins,Philip Jones,Medium,3,7,4.7835616438356166,3.0,12.0,0.5975359342915811,0.375,0.3,0.6,0.7,0.48700718685831623,Medium Risk,0,0.32
133,Storage,2018-05-01,2021-04-30,3530,Risk,Active,Santana LLC,Nathan Mason,Low,4,6,7.802739726027397,4.0,19.0,0.974674880219028,0.5,0.475,0.8,0.6,0.6499349760438056,Medium Risk,1,0.98
134,Server,2025-09-29,2028-09-28,12273,Finance,Retired,Mitchell-Bass,Julie Griffith,High,5,6,0.3835616438356164,2.0,10.0,0.04791238877481177,0.25,0.25,1.0,0.6,0.37458247775496234,Low Risk,0,0.04
135,Network Device,2025-10-09,2028-10-08,4575,Compliance,In Maintenance,Schroeder Inc,Sean Russell,High,1,1,0.3561643835616438,3.0,5.0,0.044490075290896644,0.375,0.125,0.2,0.1,0.19139801505817933,Low Risk,0,0.0
136,Desktop,2020-10-12,2023-10-12,1822,Risk,In Maintenance,Young and Sons,Timothy Morgan,Low,1,5,5.35068493150685,2.0,8.0,0.6683778234086243,0.25,0.2,0.2,0.5,0.3536755646817249,Low Risk,0,0.0
137,Server,2024-11-11,2027-11-11,12311,IT,Retired,Wilson-Hodge,Justin Mack,Medium,4,4,1.2657534246575342,1.0,7.0,0.15811088295687883,0.125,0.175,0.8,0.4,0.28412217659137573,Low Risk,0,0.0
138,Laptop,2024-03-28,2027-03-28,1277,Finance,In Maintenance,Martin and Sons,Hannah James,High,4,2,1.8904109589041096,4.0,18.0,0.23613963039014374,0.5,0.45,0.8,0.2,0.43722792607802874,Medium Risk,0,0.17
139,Server,2019-07-25,2022-07-24,10692,Compliance,Active,Caldwell Group,Carl Jones,Low,5,5,6.5698630136986305,1.0,3.0,0.8206707734428473,0.125,0.075,1.0,0.5,0.44163415468856954,Medium Risk,0,0.02
140,Server,2020-02-09,2023-02-08,7580,Compliance,Retired,"Thompson, Wilson and Lewis",Lisa Richard,Low,2,6,6.024657534246575,3.0,15.0,0.7525667351129364,0.375,0.375,0.4,0.6,0.48801334702258725,Medium Risk,0,0.19
141,Storage,2024-12-31,2027-12-31,6673,Finance,Active,"Miller, Williams and Lowe",John Gilbert,High,2,8,1.1287671232876713,1.0,6.0,0.14099931553730322,0.125,0.15,0.4,0.8,0.27569986310746064,Low Risk,0,0.0
142,Laptop,2021-08-30,2024-08-29,1739,Risk,Retired,"Buchanan, Williams and Reyes",Stacey Faulkner,Medium,4,9,4.468493150684932,1.0,2.0,0.5581793292265571,0.125,0.05,0.8,0.9,0.4141358658453115,Medium Risk,0,0.02
143,Desktop,2020-08-21,2023-08-21,976,Finance,In Maintenance,Ford-Rodriguez,Mr. Jim Weaver,Medium,4,9,5.493150684931507,3.0,15.0,0.686173853524983,0.375,0.375,0.8,0.9,0.5797347707049966,Medium Risk,1,0.98
144,Network Device,2025-02-01,2028-02-01,5354,Risk,Active,West-Zhang,Jordan Hall,High,3,2,1.0410958904109588,0.0,0.0,0.1300479123887748,0.0,0.0,0.6,0.2,0.14600958247775497,Low Risk,0,0.0
145,Network Device,2020-05-20,2023-05-20,5816,Compliance,Retired,Scott-Reeves,Dominique Washington,Medium,2,9,5.747945205479452,1.0,2.0,0.7180013689253935,0.125,0.05,0.4,0.9,0.3861002737850787,Low Risk,0,0.01
146,Storage,2025-04-14,2028-04-13,5981,IT,In Maintenance,"Davis, Wilkinson and Johnson",Robert Johnson,Low,1,2,0.8438356164383561,1.0,1.0,0.10540725530458589,0.125,0.025,0.2,0.2,0.12358145106091718,Low Risk,0,0.0
147,Storage,2019-12-20,2022-12-19,5507,HR,Active,Riley-Berg,Mark Johnson,High,3,4,6.164383561643835,0.0,0.0,0.7700205338809034,0.0,0.0,0.6,0.4,0.3040041067761807,Low Risk,0,0.0
148,Server,2023-12-30,2026-12-29,13501,HR,Active,"Davis, George and White",Adam Pittman,Medium,2,9,2.1342465753424658,1.0,2.0,0.2665982203969884,0.125,0.05,0.4,0.9,0.2958196440793977,Low Risk,0,0.0
149,Server,2024-09-15,2027-09-15,7050,Compliance,In Maintenance,Davis Ltd,Travis Graham,Low,5,2,1.4219178082191781,2.0,4.0,0.17761806981519507,0.25,0.1,1.0,0.2,0.31052361396303907,Low Risk,0,0.0
150,Storage,2024-02-29,2027-02-28,5762,Risk,Retired,Wheeler and Sons,Briana Newman,High,2,10,1.9671232876712328,0.0,0.0,0.2457221081451061,0.0,0.0,0.4,1.0,0.2591444216290212,Low Risk,0,0.0
151,Storage,2024-06-21,2027-06-21,8531,Risk,Active,Wilson PLC,Melissa Blair,High,1,1,1.6575342465753424,3.0,20.0,0.20704996577686516,0.375,0.5,0.2,0.1,0.29890999315537303,Low Risk,0,0.02
152,Storage,2019-12-08,2022-12-07,7336,Compliance,Active,"Hart, Wright and Henson",John Case,Low,4,10,6.197260273972603,4.0,22.0,0.7741273100616016,0.5,0.55,0.8,1.0,0.6848254620123203,Medium Risk,1,1.0
153,Laptop,2019-06-12,2022-06-11,2019,Compliance,Retired,Thomas-Blake,Nicole Holland,Medium,3,8,6.6876712328767125,4.0,14.0,0.8353867214236824,0.5,0.35,0.6,0.8,0.5970773442847365,Medium Risk,1,0.94
154,Desktop,2021-07-10,2024-07-09,1631,HR,In Maintenance,"Walker, Hernandez and Wilson",Jose Hernandez,High,1,3,4.608219178082192,1.0,1.0,0.5756331279945243,0.125,0.025,0.2,0.3,0.23262662559890485,Low Risk,0,0.0
155,Network Device,2019-09-21,2022-09-20,5404,Operations,In Maintenance,"Martin, Herrera and Banks",Chase Glover,High,3,10,6.410958904109589,1.0,2.0,0.8008213552361396,0.125,0.05,0.6,1.0,0.44766427104722795,Medium Risk,0,0.12
156,Desktop,2020-10-06,2023-10-06,1440,Compliance,In Maintenance,Kirby-Pruitt,Louis Curry,Low,3,7,5.367123287671233,0.0,0.0,0.6704312114989733,0.0,0.0,0.6,0.7,0.32908624229979466,Low Risk,0,0.01
157,Desktop,2024-12-31,2027-12-31,1558,Risk,Retired,Gonzalez-Nelson,Jessica Snow,High,3,4,1.1287671232876713,0.0,0.0,0.14099931553730322,0.0,0.0,0.6,0.4,0.17819986310746064,Low Risk,0,0.0
158,Network Device,2019-07-11,2022-07-10,3003,HR,In Maintenance,Houston-Newton,Carolyn Brown,High,2,2,6.608219178082192,4.0,20.0,0.8254620123203286,0.5,0.5,0.4,0.2,0.5050924024640657,Medium Risk,1,0.82
159,Laptop,2024-07-27,2027-07-27,1594,Operations,Retired,Charles-Taylor,Shannon Larson,Medium,2,3,1.558904109589041,2.0,12.0,0.19472963723477069,0.25,0.3,0.4,0.3,0.2789459274469541,Low Risk,0,0.0
160,Server,2018-03-16,2021-03-15,14464,Compliance,In Maintenance,Dunn Inc,Denise Ortiz,High,2,8,7.928767123287671,1.0,7.0,0.9904175222450377,0.125,0.175,0.4,0.8,0.4505835044490075,Medium Risk,0,0.0
161,Storage,2023-11-14,2026-11-13,10648,Operations,In Maintenance,"Wright, Lynn and Cooper",Brittney Pena,Medium,1,2,2.26027397260274,1.0,7.0,0.28234086242299794,0.125,0.175,0.2,0.2,0.1889681724845996,Low Risk,0,0.0
162,Network Device,2023-08-10,2026-08-09,6140,Operations,Active,Welch PLC,Traci Johnson,High,5,6,2.5232876712328767,3.0,21.0,0.31519507186858314,0.375,0.525,1.0,0.6,0.5205390143737166,Medium Risk,1,0.8
163,Laptop,2023-05-26,2026-05-25,1103,HR,In Maintenance,Cobb-Carlson,Harry Gonzalez,Low,4,5,2.7315068493150685,4.0,20.0,0.3412046543463381,0.5,0.5,0.8,0.5,0.5132409308692676,Medium Risk,1,0.88
164,Storage,2022-01-25,2025-01-24,3133,Finance,In Maintenance,"Klein, Lindsey and Estrada",Shawn Foster,High,3,6,4.063013698630137,4.0,12.0,0.5075290896646132,0.5,0.3,0.6,0.6,0.4915058179329226,Medium Risk,1,0.67
165,Network Device,2024-12-10,2027-12-10,4997,Finance,In Maintenance,Mills PLC,Joel Cook,High,5,9,1.1863013698630136,3.0,14.0,0.14818617385352498,0.375,0.35,1.0,0.9,0.49713723477070504,Medium Risk,1,0.66
166,Desktop,2022-01-02,2025-01-01,1542,Risk,In Maintenance,"Nelson, Abbott and Bush",Steven Bartlett,High,4,9,4.126027397260274,2.0,14.0,0.5154004106776181,0.25,0.35,0.8,0.9,0.5030800821355237,Medium Risk,1,0.89
167,Network Device,2024-04-27,2027-04-27,6504,HR,Retired,Krause LLC,Mary Brady,Low,5,2,1.8082191780821917,2.0,6.0,0.22587268993839835,0.25,0.15,1.0,0.2,0.3301745379876797,Low Risk,0,0.0
168,Desktop,2021-04-06,2024-04-05,998,Operations,In Maintenance,Bryant-Gonzalez,Nicole Ellison,Medium,5,6,4.868493150684931,0.0,0.0,0.6081451060917179,0.0,0.0,1.0,0.6,0.3616290212183436,Low Risk,0,0.0
169,Desktop,2018-10-11,2021-10-10,1207,Risk,Retired,"Roberson, Whitehead and Johnson",Amanda Lee,Medium,5,1,7.3561643835616435,4.0,20.0,0.9188911704312114,0.5,0.5,1.0,0.1,0.5987782340862423,Medium Risk,1,0.87
170,Laptop,2020-03-30,2023-03-30,1079,IT,Retired,"Brown, Guerrero and Martinez",Regina Ford MD,Medium,4,9,5.887671232876713,2.0,2.0,0.7354551676933607,0.25,0.05,0.8,0.9,0.48709103353867217,Medium Risk,0,0.17
171,Network Device,2020-02-06,2023-02-05,3220,Risk,Retired,Peters Group,Laura Griffith,High,3,10,6.032876712328767,5.0,22.0,0.7535934291581109,0.625,0.55,0.6,1.0,0.6882186858316222,Medium Risk,1,1.0
172,Server,2022-11-22,2025-11-21,7662,Operations,Retired,Todd-Park,Oscar Robinson,Low,3,10,3.2383561643835614,2.0,11.0,0.4045174537987679,0.25,0.275,0.6,1.0,0.45090349075975356,Medium Risk,0,0.02
173,Server,2020-01-17,2023-01-16,13311,Risk,Retired,Curry PLC,April Thompson,Medium,5,5,6.087671232876712,0.0,0.0,0.7604380561259411,0.0,0.0,1.0,0.5,0.37708761122518825,Low Risk,0,0.01
174,Network Device,2023-10-20,2026-10-19,2136,HR,In Maintenance,Rowe-Kramer,Casey Hicks,Low,1,7,2.328767123287671,3.0,16.0,0.29089664613278576,0.375,0.4,0.2,0.7,0.3856793292265571,Low Risk,0,0.05
175,Storage,2024-05-12,2027-05-12,8040,Compliance,Retired,"Conrad, Fernandez and Williams",Christopher Miller,Low,1,10,1.7671232876712328,5.0,19.0,0.22073921971252566,0.625,0.475,0.2,1.0,0.5066478439425052,Medium Risk,1,0.78
176,Network Device,2025-08-19,2028-08-18,4175,Compliance,Retired,Sanchez-Schmitt,Cynthia Orr,Low,2,1,0.4958904109589041,1.0,5.0,0.06194387405886379,0.125,0.125,0.4,0.1,0.14988877481177276,Low Risk,0,0.0
177,Storage,2021-01-15,2024-01-15,10871,IT,Retired,"Hodge, Williams and Smith",Cassandra James,Low,5,7,5.090410958904109,0.0,0.0,0.6358658453114305,0.0,0.0,1.0,0.7,0.3821731690622861,Low Risk,0,0.0
178,Desktop,2024-04-05,2027-04-05,1296,Finance,Retired,Williams-Smith,Terry Miller,Low,1,4,1.8684931506849316,8.0,40.0,0.23340177960301164,1.0,1.0,0.2,0.4,0.6366803559206025,Medium Risk,1,0.87
179,Laptop,2022-11-01,2025-10-31,1903,HR,In Maintenance,Parks and Sons,Joy Bond,High,4,4,3.2958904109589042,1.0,1.0,0.41170431211498976,0.125,0.025,0.8,0.4,0.30484086242299796,Low Risk,0,0.0
180,Network Device,2018-08-19,2021-08-18,6110,Risk,In Maintenance,Burnett Inc,Katherine Harris,Low,1,3,7.501369863013698,2.0,7.0,0.9370294318959616,0.25,0.175,0.2,0.3,0.3724058863791923,Low Risk,0,0.02
181,Storage,2021-10-23,2024-10-22,6397,Risk,In Maintenance,"Baird, Garcia and Turner",Tanner Krause,Low,4,9,4.32054794520548,3.0,15.0,0.5396988364134154,0.375,0.375,0.8,0.9,0.5504397672826831,Medium Risk,1,0.95
182,Network Device,2023-08-06,2026-08-05,4570,IT,In Maintenance,"Mitchell, Harvey and Bennett",Michael Leblanc,Low,3,9,2.5342465753424657,4.0,17.0,0.3165639972621492,0.5,0.425,0.6,0.9,0.5233127994524298,Medium Risk,1,0.85
183,Server,2025-09-05,2028-09-04,9331,Risk,In Maintenance,Lucas LLC,Holly Rowland,High,2,5,0.44931506849315067,3.0,14.0,0.05612594113620807,0.375,0.35,0.4,0.5,0.3287251882272416,Low Risk,0,0.0
184,Storage,2019-10-24,2022-10-23,7890,IT,In Maintenance,Perez-Gilbert,Stephen Bryant,Medium,2,8,6.32054794520548,0.0,0.0,0.7895277207392197,0.0,0.0,0.4,0.8,0.33790554414784396,Low Risk,0,0.0
185,Server,2018-09-24,2021-09-23,12861,HR,Retired,"Gonzales, Stanley and Mays",Kimberly Perez,Low,3,5,7.402739726027397,0.0,0.0,0.9247091033538671,0.0,0.0,0.6,0.5,0.34994182067077345,Low Risk,0,0.0
186,Laptop,2023-06-08,2026-06-07,2174,Compliance,Retired,Owens Ltd,Nicole Anderson,Medium,4,6,2.695890410958904,3.0,12.0,0.33675564681724846,0.375,0.3,0.8,0.6,0.4498511293634496,Medium Risk,0,0.38
187,Desktop,2020-04-06,2023-04-06,1394,Finance,In Maintenance,Strickland-Sanchez,Amber Mendez,Low,1,6,5.868493150684931,1.0,1.0,0.73305954825462,0.125,0.025,0.2,0.6,0.30911190965092405,Low Risk,0,0.0
188,Network Device,2024-07-24,2027-07-24,7373,HR,Retired,Brown-Byrd,Dr. Laura Hawkins,Medium,2,4,1.5671232876712329,2.0,14.0,0.19575633127994524,0.25,0.35,0.4,0.4,0.30415126625598904,Low Risk,0,0.0
189,Storage,2024-05-01,2027-05-01,7442,Risk,Retired,Duran and Sons,Bruce Watson,Medium,2,2,1.7972602739726027,3.0,13.0,0.22450376454483228,0.375,0.325,0.4,0.2,0.3124007529089664,Low Risk,0,0.0
190,Storage,2018-08-09,2021-08-08,6920,IT,Active,Wilson Group,Gary Walter,Low,5,4,7.528767123287671,5.0,20.0,0.9404517453798767,0.625,0.5,1.0,0.4,0.6855903490759754,Medium Risk,1,0.98
191,Desktop,2024-06-15,2027-06-15,907,Finance,In Maintenance,"Young, Mason and Jordan",Timothy Hayes,Medium,4,2,1.673972602739726,2.0,9.0,0.2091033538672142,0.25,0.225,0.8,0.2,0.3118206707734429,Low Risk,0,0.0
192,Desktop,2025-03-03,2028-03-02,810,Risk,Active,Sanchez-Wood,Ryan Richardson,Medium,4,8,0.958904109589041,3.0,11.0,0.11978097193702943,0.375,0.275,0.8,0.8,0.43145619438740584,Medium Risk,0,0.14
193,Desktop,2020-04-11,2023-04-11,1388,HR,In Maintenance,"Hanson, Torres and Tran",Susan Martin,Low,1,2,5.854794520547945,2.0,13.0,0.7313483915126625,0.25,0.325,0.2,0.2,0.3462696783025325,Low Risk,0,0.15
194,Storage,2018-12-25,2021-12-24,6804,Risk,Retired,Bailey PLC,Aaron Best,Low,1,3,7.1506849315068495,0.0,0.0,0.893223819301848,0.0,0.0,0.2,0.3,0.2536447638603696,Low Risk,0,0.0
195,Network Device,2018-04-20,2021-04-19,3440,Finance,In Maintenance,Scott PLC,Frances Barnes,Medium,2,5,7.832876712328767,0.0,0.0,0.9784394250513347,0.0,0.0,0.4,0.5,0.33068788501026697,Low Risk,0,0.05
196,Laptop,2020-06-11,2023-06-11,1018,HR,Retired,Smith-Knapp,Christine Chavez,Low,1,6,5.6876712328767125,1.0,6.0,0.7104722792607803,0.125,0.15,0.2,0.6,0.3295944558521561,Low Risk,0,0.03
197,Server,2020-07-29,2023-07-29,12444,Compliance,Retired,"Garrett, Ward and Mitchell",Peter Williams,Low,4,3,5.556164383561644,1.0,8.0,0.6940451745379876,0.125,0.2,0.8,0.3,0.38130903490759754,Low Risk,0,0.03
198,Storage,2023-10-18,2026-10-17,10668,HR,Active,Carlson-Ali,Adam Smith,High,3,3,2.334246575342466,3.0,20.0,0.2915811088295688,0.375,0.5,0.6,0.3,0.40581622176591375,Medium Risk,0,0.1
199,Network Device,2019-12-16,2022-12-15,7310,HR,Retired,James-Wilkerson,Kenneth Harris,High,1,6,6.175342465753425,1.0,3.0,0.7713894592744696,0.125,0.075,0.2,0.6,0.3267778918548939,Low Risk,0,0.0
200,Server,2018-10-14,2021-10-13,14302,Compliance,Active,Payne-Klein,Joanna Greene,High,5,7,7.347945205479452,0.0,0.0,0.917864476386037,0.0,0.0,1.0,0.7,0.4385728952772074,Medium Risk,0,0.01
201,Network Device,2019-08-17,2022-08-16,6221,HR,Active,"Hernandez, Oconnor and Rodriguez",Christine Watson,Medium,1,3,6.506849315068493,1.0,4.0,0.8127994524298425,0.125,0.1,0.2,0.3,0.29505989048596853,Low Risk,0,0.0
202,Desktop,2020-09-21,2023-09-21,1777,HR,Active,"Krause, Chandler and Barr",David Ellis MD,High,3,7,5.4082191780821915,1.0,5.0,0.675564681724846,0.125,0.125,0.6,0.7,0.3926129363449692,Low Risk,0,0.02
203,Desktop,2018-04-02,2021-04-01,1714,HR,In Maintenance,"Powell, Jackson and Lambert",Edward Phelps,Medium,5,10,7.882191780821918,0.0,0.0,0.9845995893223819,0.0,0.0,1.0,1.0,0.4969199178644764,Medium Risk,1,0.74
204,Laptop,2024-04-11,2027-04-11,1535,Compliance,In Maintenance,"Newman, Gates and Lee",Paula Mcdaniel,Low,2,1,1.8520547945205479,1.0,7.0,0.23134839151266254,0.125,0.175,0.4,0.1,0.1937696783025325,Low Risk,0,0.0
205,Laptop,2021-10-09,2024-10-08,1953,HR,Active,"Stone, Butler and Smith",Rebecca Walker,Medium,5,5,4.358904109589041,2.0,7.0,0.5444900752908965,0.25,0.175,1.0,0.5,0.44389801505817933,Medium Risk,0,0.03
206,Laptop,2022-02-17,2025-02-16,2308,HR,In Maintenance,Gonzalez-Harper,Jennifer Deleon,Low,2,4,4.0,0.0,0.0,0.4996577686516085,0.0,0.0,0.4,0.4,0.2199315537303217,Low Risk,0,0.0
207,Desktop,2020-06-01,2023-06-01,1779,IT,In Maintenance,Chandler and Sons,Evan Bruce,Low,5,6,5.715068493150685,2.0,9.0,0.7138945927446955,0.25,0.225,1.0,0.6,0.5027789185489391,Medium Risk,1,0.77
208,Network Device,2021-03-13,2024-03-12,7750,Risk,In Maintenance,"Galvan, Collins and Thompson",Brandon Larson,Low,2,4,4.934246575342466,2.0,11.0,0.6163586584531143,0.25,0.275,0.4,0.4,0.3732717316906229,Low Risk,0,0.0
209,Storage,2023-10-12,2026-10-11,4341,Risk,In Maintenance,"Bradley, Hall and Huff",Scott Hernandez,Low,3,2,2.350684931506849,3.0,9.0,0.29363449691991783,0.375,0.225,0.6,0.2,0.33622689938398354,Low Risk,0,0.0
210,Storage,2021-05-17,2024-05-16,4838,Finance,Retired,Benton-Roth,Dana Wong,Low,2,10,4.756164383561644,1.0,2.0,0.5941136208076659,0.125,0.05,0.4,1.0,0.37632272416153323,Low Risk,0,0.02
211,Storage,2018-11-27,2021-11-26,5455,IT,In Maintenance,Francis-Ramirez,Jeffery Allen,Low,4,2,7.227397260273973,2.0,12.0,0.9028062970568104,0.25,0.3,0.8,0.2,0.46556125941136206,Medium Risk,0,0.06
212,Desktop,2018-06-25,2021-06-24,1994,Operations,Active,Johnson PLC,Jerry Valdez,Low,4,1,7.652054794520548,2.0,12.0,0.9558521560574949,0.25,0.3,0.8,0.1,0.461170431211499,Medium Risk,0,0.15
213,Network Device,2020-03-27,2023-03-27,3080,Risk,In Maintenance,Rivers PLC,Terry Olsen,Medium,5,1,5.895890410958904,3.0,12.0,0.7364818617385352,0.375,0.3,1.0,0.1,0.484796372347707,Medium Risk,0,0.19
214,Storage,2018-03-27,2021-03-26,10575,Compliance,In Maintenance,Keller Group,Susan Williams,Low,1,7,7.898630136986301,1.0,8.0,0.986652977412731,0.125,0.2,0.2,0.7,0.4098305954825462,Medium Risk,0,0.03
215,Server,2021-05-18,2024-05-17,5049,Compliance,Active,"Hall, Richmond and Stephens",Curtis Williams,Low,1,1,4.7534246575342465,2.0,15.0,0.5937713894592744,0.25,0.375,0.2,0.1,0.31375427789185495,Low Risk,0,0.0
216,Network Device,2023-10-04,2026-10-03,4822,Compliance,Active,Anderson LLC,Anne Sawyer MD,Low,1,2,2.372602739726027,1.0,8.0,0.29637234770704995,0.125,0.2,0.2,0.2,0.19677446954141,Low Risk,0,0.0
217,Network Device,2018-08-03,2021-08-02,2259,HR,In Maintenance,Friedman Ltd,Brittany Perry,High,2,7,7.545205479452055,0.0,0.0,0.9425051334702259,0.0,0.0,0.4,0.7,0.3535010266940452,Low Risk,0,0.01
218,Server,2020-08-06,2023-08-06,11266,Operations,In Maintenance,Young Inc,Kristin Sexton,Medium,1,9,5.534246575342466,1.0,3.0,0.6913073237508556,0.125,0.075,0.2,0.9,0.3557614647501711,Low Risk,0,0.0
219,Desktop,2024-11-26,2027-11-26,1512,Finance,Active,Douglas Group,Christine Schultz,Low,4,9,1.2246575342465753,1.0,6.0,0.15297741273100615,0.125,0.15,0.8,0.9,0.35309548254620127,Low Risk,0,0.01
220,Desktop,2019-06-25,2022-06-24,1256,Finance,Active,Fletcher Group,Chad Shaffer,Medium,4,9,6.652054794520548,5.0,26.0,0.8309377138945927,0.625,0.65,0.8,0.9,0.7386875427789186,High Risk,1,1.0
221,Network Device,2022-04-19,2025-04-18,6357,Operations,Active,Castro Inc,Katrina Neal,High,4,6,3.8328767123287673,3.0,21.0,0.4787816563997262,0.375,0.525,0.8,0.6,0.5232563312799452,Medium Risk,1,0.66
222,Desktop,2020-07-30,2023-07-30,1364,IT,Retired,"Malone, Rogers and Vasquez",Ronald Vazquez,High,1,7,5.553424657534246,0.0,0.0,0.6937029431895961,0.0,0.0,0.2,0.7,0.2737405886379192,Low Risk,0,0.0
223,Storage,2021-04-07,2024-04-06,3256,IT,Active,Parks Inc,Andrea Vega,High,1,10,4.865753424657535,1.0,8.0,0.6078028747433265,0.125,0.2,0.2,1.0,0.3790605749486653,Low Risk,0,0.08
224,Laptop,2024-03-11,2027-03-11,1914,Risk,Retired,"Cowan, Mills and Williams",Ian White,Low,1,4,1.936986301369863,2.0,6.0,0.24195756331279944,0.25,0.15,0.2,0.4,0.2433915126625599,Low Risk,0,0.0
225,Laptop,2022-10-10,2025-10-09,1823,Operations,Active,Wilson and Sons,Samuel Davis,Low,2,1,3.356164383561644,3.0,14.0,0.419233401779603,0.375,0.35,0.4,0.1,0.3413466803559206,Low Risk,0,0.01
226,Desktop,2023-03-01,2026-02-28,1831,HR,Active,Newton-Reed,Lauren Phillips,Low,5,6,2.967123287671233,1.0,2.0,0.37063655030800824,0.125,0.05,1.0,0.6,0.36162731006160165,Low Risk,0,0.01
227,Storage,2021-09-03,2024-09-02,8253,IT,In Maintenance,"Mendez, Barrett and Mason",Manuel Gallagher,High,5,4,4.457534246575342,1.0,8.0,0.5568104038329911,0.125,0.2,1.0,0.4,0.3988620807665982,Low Risk,0,0.03
228,Network Device,2018-07-03,2021-07-02,4461,HR,Active,"Smith, Heath and Brown",Jeremy Martinez,Low,5,3,7.63013698630137,1.0,1.0,0.9531143052703627,0.125,0.025,1.0,0.3,0.42812286105407255,Medium Risk,0,0.02
229,Network Device,2022-04-13,2025-04-12,6553,Operations,Active,Benson-Rojas,Micheal Lewis,Medium,4,9,3.8493150684931505,1.0,2.0,0.48083504449007525,0.125,0.05,0.8,0.9,0.3986670088980151,Low Risk,0,0.01
230,Server,2019-03-01,2022-02-28,11821,Operations,Active,"Kennedy, Simon and Anderson",April Moreno,Medium,4,3,6.96986301369863,3.0,14.0,0.8706365503080081,0.375,0.35,0.8,0.3,0.5216273100616017,Medium Risk,1,0.7
231,Storage,2022-09-29,2025-09-28,10758,IT,Active,Garrett Group,Elizabeth Lewis,Medium,2,8,3.3863013698630136,4.0,20.0,0.42299794661190965,0.5,0.5,0.4,0.8,0.5145995893223819,Medium Risk,1,0.75
232,Laptop,2024-10-30,2027-10-30,2151,Operations,In Maintenance,"Lopez, Brooks and Williams",Jay Hernandez,Low,5,3,1.2986301369863014,1.0,6.0,0.162217659137577,0.125,0.15,1.0,0.3,0.29494353182751537,Low Risk,0,0.0
233,Network Device,2024-10-16,2027-10-16,3989,HR,Active,Bell and Sons,Jason Simpson,Medium,1,8,1.336986301369863,3.0,16.0,0.1670088980150582,0.375,0.4,0.2,0.8,0.37590177960301163,Low Risk,0,0.07
234,Server,2025-07-01,2028-06-30,6514,Risk,Retired,"Martinez, Kim and Chase",Jaime Jordan,High,1,5,0.6301369863013698,2.0,11.0,0.07871321013004791,0.25,0.275,0.2,0.5,0.2507426420260096,Low Risk,0,0.0
235,Network Device,2025-09-17,2028-09-16,7518,Risk,Retired,Hill-Gallagher,Travis Hernandez,High,1,4,0.41643835616438357,2.0,12.0,0.05201916495550993,0.25,0.3,0.2,0.4,0.23540383299110199,Low Risk,0,0.0
236,Storage,2019-04-24,2022-04-23,6555,Operations,Active,Moore Ltd,Denise Lin,Medium,3,1,6.821917808219178,0.0,0.0,0.8521560574948664,0.0,0.0,0.6,0.1,0.2754312114989733,Low Risk,0,0.0
237,Desktop,2018-04-07,2021-04-06,1189,Compliance,Active,Smith PLC,Megan Heath,Low,4,4,7.868493150684931,2.0,10.0,0.9828884325804244,0.25,0.25,0.8,0.4,0.5015776865160848,Medium Risk,1,0.75
238,Storage,2025-05-02,2028-05-01,6350,Operations,Active,Day-Mason,Thomas Hart,Low,3,5,0.7945205479452054,1.0,6.0,0.09924709103353867,0.125,0.15,0.6,0.5,0.25234941820670775,Low Risk,0,0.0
239,Network Device,2023-09-06,2026-09-05,5819,Risk,Retired,"Lee, Benitez and Mitchell",Brandon Wade,Medium,3,5,2.4493150684931506,1.0,3.0,0.3059548254620123,0.125,0.075,0.6,0.5,0.2786909650924025,Low Risk,0,0.0
240,Server,2022-08-21,2025-08-20,13401,Operations,In Maintenance,"Townsend, Wilson and Black",Megan Rose,High,4,6,3.493150684931507,1.0,1.0,0.43634496919917864,0.125,0.025,0.8,0.6,0.3397689938398357,Low Risk,0,0.0
241,Desktop,2022-06-18,2025-06-17,1559,HR,In Maintenance,Gross-Conrad,Jessica Green,High,5,4,3.6684931506849314,0.0,0.0,0.4582477754962354,0.0,0.0,1.0,0.4,0.30164955509924707,Low Risk,0,0.0
242,Desktop,2020-03-24,2023-03-24,833,HR,Retired,Taylor-Reed,Stephanie Combs,Low,5,7,5.904109589041096,3.0,19.0,0.7375085557837098,0.375,0.475,1.0,0.7,0.610001711156742,Medium Risk,1,0.96
243,Server,2020-12-13,2023-12-13,7497,IT,In Maintenance,Brown Ltd,Joel Humphrey,High,4,10,5.1808219178082195,4.0,25.0,0.6471594798083504,0.5,0.625,0.8,1.0,0.6744318959616701,Medium Risk,1,0.99
244,Desktop,2018-05-31,2021-05-30,1822,Risk,Retired,Allen PLC,James Hendrix,Low,3,5,7.720547945205479,4.0,21.0,0.9644079397672826,0.5,0.525,0.6,0.5,0.6128815879534565,Medium Risk,1,0.94
245,Network Device,2021-03-05,2024-03-04,7927,Compliance,Retired,"Levine, Diaz and Manning",Brian Valdez,Medium,4,3,4.956164383561644,2.0,12.0,0.6190965092402464,0.25,0.3,0.8,0.3,0.4238193018480493,Medium Risk,0,0.0
246,Server,2023-02-10,2026-02-09,7773,IT,Retired,Li-Cain,Aaron Flynn,Low,4,3,3.0191780821917806,0.0,0.0,0.3771389459274469,0.0,0.0,0.8,0.3,0.24042778918548935,Low Risk,0,0.0
247,Storage,2018-05-03,2021-05-02,3962,Risk,Active,Johnson-Martinez,Carla Hart,High,1,1,7.7972602739726025,3.0,12.0,0.973990417522245,0.375,0.3,0.2,0.1,0.41229808350444896,Medium Risk,0,0.07
248,Network Device,2018-04-07,2021-04-06,3126,Compliance,Active,Martin LLC,Larry Davis,High,2,1,7.868493150684931,2.0,13.0,0.9828884325804244,0.25,0.325,0.4,0.1,0.4115776865160849,Medium Risk,0,0.28
249,Desktop,2019-09-23,2022-09-22,1835,Operations,In Maintenance,Robinson PLC,Tina Russell,High,5,10,6.405479452054794,1.0,8.0,0.8001368925393565,0.125,0.2,1.0,1.0,0.5375273785078714,Medium Risk,1,0.86
250,Network Device,2019-01-29,2022-01-28,7400,Operations,Active,"Perez, Holmes and Williams",Sara Morris,High,5,9,7.054794520547945,2.0,2.0,0.8812457221081451,0.25,0.05,1.0,0.9,0.5462491444216291,Medium Risk,1,0.4
251,Network Device,2024-12-22,2027-12-22,2097,Finance,Retired,"Davis, Mason and Parker",Anthony Robinson,Low,3,9,1.1534246575342466,3.0,6.0,0.14407939767282682,0.375,0.15,0.6,0.9,0.3963158795345654,Low Risk,0,0.07
252,Server,2025-01-28,2028-01-28,5280,Risk,Retired,Bartlett-Morales,Cheryl Harrell,Low,4,3,1.0520547945205478,2.0,7.0,0.13141683778234084,0.25,0.175,0.8,0.3,0.3012833675564682,Low Risk,0,0.0
253,Laptop,2021-04-13,2024-04-12,1197,Risk,Active,Lynch Ltd,Deborah Bryant,High,2,10,4.8493150684931505,2.0,13.0,0.6057494866529773,0.25,0.325,0.4,1.0,0.4711498973305954,Medium Risk,0,0.16
254,Storage,2023-11-25,2026-11-24,7135,HR,In Maintenance,"Allen, Chapman and Pierce",Isaiah Tucker,Medium,1,6,2.23013698630137,4.0,19.0,0.2785763175906913,0.5,0.475,0.2,0.6,0.42071526351813826,Medium Risk,0,0.29
255,Network Device,2019-04-29,2022-04-28,5760,Risk,Active,Payne-Baker,Sarah Hernandez,Low,2,5,6.808219178082192,0.0,0.0,0.8504449007529089,0.0,0.0,0.4,0.5,0.3050889801505818,Low Risk,0,0.0
256,Laptop,2022-10-20,2025-10-19,2338,Compliance,Active,Neal Inc,Alejandro Brown,High,4,7,3.328767123287671,3.0,14.0,0.41581108829568786,0.375,0.35,0.8,0.7,0.49066221765913753,Medium Risk,1,0.72
257,Network Device,2021-05-23,2024-05-22,6527,Operations,Active,"Martin, Holder and Luna",Michael Austin,Low,1,3,4.739726027397261,5.0,19.0,0.5920602327173169,0.625,0.475,0.2,0.3,0.47591204654346336,Medium Risk,0,0.18
258,Laptop,2019-03-31,2022-03-30,2023,Operations,Retired,Bell Inc,Keith Reed,Medium,5,2,6.887671232876713,1.0,5.0,0.8603696098562629,0.125,0.125,1.0,0.2,0.41457392197125265,Medium Risk,0,0.01
259,Storage,2023-12-25,2026-12-24,3697,IT,Active,Reese-Lawson,Vanessa Carpenter,Low,5,8,2.147945205479452,1.0,3.0,0.2683093771389459,0.125,0.075,1.0,0.8,0.37616187542778917,Low Risk,0,0.0
260,Server,2018-11-12,2021-11-11,5762,Finance,Retired,Goodwin-Anderson,Amy Garcia,Medium,5,10,7.2684931506849315,3.0,8.0,0.9079397672826831,0.375,0.2,1.0,1.0,0.6340879534565367,Medium Risk,1,0.92
261,Laptop,2020-01-16,2023-01-15,1367,HR,Active,Wagner Inc,Tonya Thompson,High,5,3,6.090410958904109,1.0,1.0,0.7607802874743326,0.125,0.025,1.0,0.3,0.3896560574948665,Low Risk,0,0.0
262,Network Device,2025-10-13,2028-10-12,2630,HR,Active,"Reed, Jensen and Foster",Caleb Houston,Low,2,10,0.3452054794520548,1.0,4.0,0.043121149897330596,0.125,0.1,0.4,1.0,0.2761242299794661,Low Risk,0,0.0
263,Network Device,2018-08-04,2021-08-03,7546,Risk,In Maintenance,"Robinson, Rogers and Escobar",Jeffrey Brown,Medium,2,2,7.542465753424658,2.0,10.0,0.9421629021218344,0.25,0.25,0.4,0.2,0.4034325804243669,Medium Risk,0,0.05
264,Storage,2024-11-09,2027-11-09,8666,Finance,Active,Mahoney-Adams,Anna King,Medium,2,2,1.2712328767123289,2.0,12.0,0.15879534565366188,0.25,0.3,0.4,0.2,0.2567590691307324,Low Risk,0,0.0
265,Server,2025-12-15,2028-12-14,14915,Risk,Retired,Williams-Fischer,Anita Jones,Medium,3,1,0.1726027397260274,3.0,12.0,0.021560574948665298,0.375,0.3,0.6,0.1,0.281812114989733,Low Risk,0,0.0
266,Server,2024-07-18,2027-07-18,12381,Operations,Active,Schmidt-Bradley,Lori Bailey,Medium,5,7,1.5835616438356164,1.0,2.0,0.19780971937029432,0.125,0.05,1.0,0.7,0.34206194387405886,Low Risk,0,0.0
267,Network Device,2021-09-10,2024-09-09,3521,Compliance,Retired,Wilson Ltd,Jessica Waters,Low,4,2,4.438356164383562,3.0,15.0,0.5544147843942505,0.375,0.375,0.8,0.2,0.4483829568788501,Medium Risk,0,0.24
268,Storage,2019-03-27,2022-03-26,7839,IT,Retired,King-Goodman,Jennifer Smith,High,1,5,6.898630136986301,2.0,5.0,0.8617385352498288,0.25,0.125,0.2,0.5,0.37734770704996584,Low Risk,0,0.0
269,Desktop,2018-04-27,2021-04-26,1578,Compliance,Retired,Green-Hall,Robert Smith,High,4,6,7.813698630136987,2.0,10.0,0.9760438056125942,0.25,0.25,0.8,0.6,0.5302087611225188,Medium Risk,1,0.78
270,Server,2020-01-18,2023-01-17,6745,Finance,Active,Washington PLC,Scott Jackson,Medium,4,6,6.0849315068493155,6.0,33.0,0.7600958247775497,0.75,0.825,0.8,0.6,0.7520191649555099,High Risk,1,1.0
271,Server,2020-04-25,2023-04-25,6674,IT,Active,Banks-White,Alan Dunn,High,4,8,5.816438356164384,3.0,17.0,0.7265571526351814,0.375,0.425,0.8,0.8,0.5828114305270362,Medium Risk,1,0.98
272,Storage,2022-06-05,2025-06-04,11395,Operations,Active,Blake PLC,Joshua Houston,High,1,6,3.7041095890410958,3.0,11.0,0.4626967830253251,0.375,0.275,0.2,0.6,0.38003935660506494,Low Risk,0,0.01
273,Storage,2021-02-20,2024-02-20,4524,Risk,Retired,Matthews PLC,Samuel Watkins,Medium,4,1,4.991780821917808,2.0,13.0,0.623545516769336,0.25,0.325,0.8,0.1,0.3997091033538672,Low Risk,0,0.06
274,Server,2023-01-05,2026-01-04,11779,Operations,Active,Johnson-Aguilar,Evelyn Perry,Low,5,4,3.117808219178082,4.0,18.0,0.38945927446954137,0.5,0.45,1.0,0.4,0.5278918548939082,Medium Risk,1,0.84
275,Storage,2022-10-20,2025-10-19,11537,IT,Retired,Houston Ltd,Brooke Gardner,Medium,2,3,3.328767123287671,0.0,0.0,0.41581108829568786,0.0,0.0,0.4,0.3,0.18816221765913754,Low Risk,0,0.0
276,Server,2022-03-24,2025-03-23,9933,HR,In Maintenance,"Johnson, Norman and House",Andrea Davis,High,1,3,3.904109589041096,2.0,9.0,0.48767967145790553,0.25,0.225,0.2,0.3,0.2925359342915811,Low Risk,0,0.0
277,Network Device,2018-11-14,2021-11-13,4260,Operations,In Maintenance,Moody-Harris,John Hogan,Medium,1,6,7.263013698630137,1.0,8.0,0.9072553045859,0.125,0.2,0.2,0.6,0.37895106091718,Low Risk,0,0.01
278,Server,2019-09-04,2022-09-03,9040,Compliance,Retired,"Adams, Jones and Pacheco",Austin Payne,Medium,5,10,6.457534246575342,3.0,15.0,0.8066392881587953,0.375,0.375,1.0,1.0,0.6488278576317591,Medium Risk,1,0.96
279,Desktop,2025-12-31,2028-12-30,1737,Finance,Active,"Lopez, Robinson and Lopez",Mary Green,Medium,1,7,0.12876712328767123,2.0,5.0,0.016084873374401093,0.25,0.125,0.2,0.7,0.23821697467488023,Low Risk,0,0.0
280,Server,2024-09-01,2027-09-01,11224,HR,In Maintenance,Newman-Christensen,Carlos Fitzgerald,Medium,4,10,1.4602739726027398,1.0,1.0,0.18240930869267627,0.125,0.025,0.8,1.0,0.3489818617385353,Low Risk,0,0.01
281,Desktop,2021-11-04,2024-11-03,1415,HR,Retired,Brown Group,Michael Lucero,Low,2,8,4.287671232876712,1.0,8.0,0.5355920602327173,0.125,0.2,0.4,0.8,0.36461841204654344,Low Risk,0,0.02
282,Server,2020-12-09,2023-12-09,7910,Operations,In Maintenance,Harris-Phillips,Ashley Bowers,Medium,4,10,5.191780821917808,3.0,13.0,0.6485284052019165,0.375,0.325,0.8,1.0,0.5772056810403833,Medium Risk,1,0.94
283,Desktop,2025-03-11,2028-03-10,1467,Operations,In Maintenance,Stewart LLC,Jeremiah Cohen,Medium,3,2,0.936986301369863,1.0,4.0,0.11704312114989733,0.125,0.1,0.6,0.2,0.20090862422997946,Low Risk,0,0.0
284,Storage,2024-04-28,2027-04-28,6273,Risk,Retired,Stewart Group,Jason Carter,High,5,1,1.8054794520547945,1.0,2.0,0.22553045859000684,0.125,0.05,1.0,0.1,0.25760609171800136,Low Risk,0,0.0
285,Network Device,2025-09-01,2028-08-31,7802,IT,In Maintenance,Schmidt LLC,Jacqueline Li,Medium,1,7,0.4602739726027397,2.0,6.0,0.057494866529774126,0.25,0.15,0.2,0.7,0.25149897330595483,Low Risk,0,0.0
286,Network Device,2018-12-20,2021-12-19,3140,Compliance,In Maintenance,"Farley, Watson and Flores",David Galvan,High,3,3,7.164383561643835,0.0,0.0,0.8949349760438056,0.0,0.0,0.6,0.3,0.3139869952087611,Low Risk,0,0.0
287,Network Device,2020-09-06,2023-09-06,5088,Finance,In Maintenance,Estes-Garrett,Tina Gardner,Low,4,10,5.449315068493151,3.0,9.0,0.6806981519507187,0.375,0.225,0.8,1.0,0.5636396303901438,Medium Risk,1,0.93
288,Network Device,2024-07-19,2027-07-19,6377,Risk,Retired,Johnson LLC,Marcus Wood,Medium,5,1,1.5808219178082192,3.0,9.0,0.1974674880219028,0.375,0.225,1.0,0.1,0.3619934976043806,Low Risk,0,0.03
289,Server,2024-08-14,2027-08-14,13796,Risk,Retired,Frazier Group,Morgan Hale,High,1,4,1.5095890410958903,1.0,2.0,0.18856947296372345,0.125,0.05,0.2,0.4,0.1752138945927447,Low Risk,0,0.0
290,Server,2023-02-20,2026-02-19,7725,Compliance,Retired,Mendoza Group,Shawn Austin,High,5,7,2.9917808219178084,2.0,8.0,0.3737166324435318,0.25,0.2,1.0,0.7,0.44474332648870635,Medium Risk,0,0.01
291,Server,2024-01-16,2027-01-15,12052,Finance,Active,Lawrence-Johnson,Tony Andrews,High,3,4,2.0876712328767124,3.0,14.0,0.26078028747433263,0.375,0.35,0.6,0.4,0.3846560574948665,Low Risk,0,0.02
292,Storage,2018-04-22,2021-04-21,11499,Risk,Retired,Mayer-Hardy,Regina Cooley,Low,5,4,7.8273972602739725,2.0,13.0,0.9777549623545516,0.25,0.325,1.0,0.4,0.5455509924709103,Medium Risk,1,0.86
293,Network Device,2022-06-19,2025-06-18,5064,Operations,In Maintenance,"Baker, Taylor and Martin",Mike Chambers,Low,5,9,3.665753424657534,3.0,13.0,0.4579055441478439,0.375,0.325,1.0,0.9,0.5540811088295687,Medium Risk,1,0.92
294,Desktop,2023-03-24,2026-03-23,1506,Finance,In Maintenance,"Young, Jones and Martin",Shari Barrett,High,3,7,2.904109589041096,2.0,14.0,0.36276522929500343,0.25,0.35,0.6,0.7,0.41255304585900066,Medium Risk,0,0.05
295,Laptop,2018-07-29,2021-07-28,1237,Compliance,Active,Morris-Reynolds,Jesse Ray,Medium,3,6,7.558904109589041,0.0,0.0,0.9442162902121835,0.0,0.0,0.6,0.6,0.3688432580424367,Low Risk,0,0.0
296,Network Device,2025-07-25,2028-07-24,3694,Risk,In Maintenance,Garcia-Richardson,Alicia Robertson,Medium,4,2,0.5643835616438356,1.0,6.0,0.07049965776865161,0.125,0.15,0.8,0.2,0.23159993155373032,Low Risk,0,0.0
297,Network Device,2022-12-27,2025-12-26,7914,Compliance,In Maintenance,Delgado and Sons,Alexander Sharp,Medium,1,5,3.1424657534246574,1.0,7.0,0.392539356605065,0.125,0.175,0.2,0.5,0.256007871321013,Low Risk,0,0.0
298,Laptop,2022-05-04,2025-05-03,2455,Finance,Active,"Henry, Malone and Ramos",Samantha Haley,Medium,1,3,3.791780821917808,1.0,7.0,0.4736481861738535,0.125,0.175,0.2,0.3,0.2422296372347707,Low Risk,0,0.0
299,Desktop,2018-07-29,2021-07-28,1856,IT,Retired,Brown Ltd,Mary Roberts,High,3,9,7.558904109589041,1.0,6.0,0.9442162902121835,0.125,0.15,0.6,0.9,0.4813432580424367,Medium Risk,0,0.14
300,Network Device,2018-07-13,2021-07-12,5785,IT,In Maintenance,"Williams, Allen and Matthews",Jade Mitchell,Low,2,3,7.602739726027397,0.0,0.0,0.9496919917864476,0.0,0.0,0.4,0.3,0.2949383983572895,Low Risk,0,0.0
301,Network Device,2020-10-26,2023-10-26,5240,Finance,Retired,"Baker, Klein and Mahoney",Frank Quinn,Low,2,8,5.3123287671232875,2.0,9.0,0.663586584531143,0.25,0.225,0.4,0.8,0.4327173169062286,Medium Risk,0,0.04
302,Storage,2025-03-16,2028-03-15,10037,Operations,Active,"Moore, Young and Gallegos",Jennifer Griffith,Low,2,4,0.9232876712328767,1.0,8.0,0.11533196440793976,0.125,0.2,0.4,0.4,0.22056639288158797,Low Risk,0,0.0
303,Server,2023-11-24,2026-11-23,6025,Risk,Active,"Pope, Fisher and Kirk",Mr. John Taylor,Low,2,6,2.232876712328767,3.0,9.0,0.2789185489390828,0.375,0.225,0.4,0.6,0.36328370978781654,Low Risk,0,0.01
304,Server,2025-01-28,2028-01-28,8228,Operations,Active,Owens Ltd,Kristin Martin,Medium,4,9,1.0520547945205478,2.0,9.0,0.13141683778234084,0.25,0.225,0.8,0.9,0.4012833675564682,Medium Risk,0,0.02
305,Server,2019-06-18,2022-06-17,14780,Operations,Retired,"Dodson, Lawson and Gomez",Pamela Jones,Medium,5,2,6.671232876712328,2.0,11.0,0.8333333333333333,0.25,0.275,1.0,0.2,0.4766666666666667,Medium Risk,0,0.13
306,Server,2020-01-15,2023-01-14,10766,Operations,Retired,"Hudson, Johnson and Richardson",Travis Hicks,High,3,10,6.093150684931507,0.0,0.0,0.7611225188227241,0.0,0.0,0.6,1.0,0.3922245037645448,Low Risk,0,0.03
307,Storage,2022-12-16,2025-12-15,4388,Compliance,Active,Cook-Anderson,Jason Benton,Medium,1,4,3.1726027397260275,1.0,3.0,0.39630390143737165,0.125,0.075,0.2,0.4,0.22176078028747434,Low Risk,0,0.0
308,Server,2018-06-11,2021-06-10,6916,IT,In Maintenance,"Reed, Hernandez and Deleon",Christine Brennan,Low,2,9,7.69041095890411,1.0,8.0,0.9606433949349761,0.125,0.2,0.4,0.9,0.4646286789869953,Medium Risk,0,0.04
309,Network Device,2020-01-25,2023-01-24,5426,Risk,Active,Mclean Ltd,Sheena Lewis,Low,4,7,6.065753424657534,3.0,12.0,0.757700205338809,0.375,0.3,0.8,0.7,0.5490400410677618,Medium Risk,1,0.85
310,Desktop,2022-07-30,2025-07-29,1796,Compliance,Retired,"Gutierrez, Young and Brown",Randall Jacobs,Low,2,9,3.5534246575342467,1.0,7.0,0.44387405886379194,0.125,0.175,0.4,0.9,0.35627481177275844,Low Risk,0,0.02
311,Desktop,2018-11-09,2021-11-08,1802,HR,Active,"Coleman, Watts and Lee",Austin King,High,3,8,7.276712328767124,2.0,10.0,0.9089664613278576,0.25,0.25,0.6,0.8,0.5167932922655715,Medium Risk,1,0.78
312,Storage,2021-02-15,2024-02-15,3878,HR,Active,Martinez PLC,April Nichols,Medium,2,4,5.005479452054795,2.0,5.0,0.6252566735112937,0.25,0.125,0.4,0.4,0.34505133470225874,Low Risk,0,0.0
313,Network Device,2021-06-21,2024-06-20,6600,Risk,Retired,Wood and Sons,Susan Morrison,Medium,4,8,4.66027397260274,3.0,13.0,0.582135523613963,0.375,0.325,0.8,0.8,0.5339271047227926,Medium Risk,1,0.77
314,Network Device,2025-06-08,2028-06-07,7817,Operations,In Maintenance,Nguyen-Andrews,Jackson Myers,High,1,10,0.6931506849315069,4.0,19.0,0.0865845311430527,0.5,0.475,0.2,1.0,0.44231690622861053,Medium Risk,0,0.18
315,Laptop,2023-07-01,2026-06-30,1451,HR,Active,Perez Group,Ruth Whitehead,Medium,2,9,2.632876712328767,0.0,0.0,0.32888432580424365,0.0,0.0,0.4,0.9,0.26077686516084875,Low Risk,0,0.0
316,Server,2020-10-02,2023-10-02,7755,Operations,Retired,Hunter-Coleman,William Cabrera,Low,4,9,5.3780821917808215,2.0,8.0,0.6718001368925393,0.25,0.2,0.8,0.9,0.5043600273785078,Medium Risk,1,0.8
317,Storage,2019-11-20,2022-11-19,4854,Risk,Active,Wright LLC,Jessica Parker,Medium,5,6,6.2465753424657535,1.0,1.0,0.7802874743326489,0.125,0.025,1.0,0.6,0.43855749486652973,Medium Risk,0,0.04
318,Storage,2024-08-21,2027-08-21,3681,Compliance,In Maintenance,Harris-Lane,David Huff,Low,2,7,1.4904109589041097,3.0,14.0,0.1861738535249829,0.375,0.35,0.4,0.7,0.38473477070499656,Low Risk,0,0.05
319,Laptop,2025-12-14,2028-12-13,2338,IT,In Maintenance,"Bean, Velazquez and Williams",Aaron Guerra,High,4,5,0.17534246575342466,1.0,2.0,0.02190280629705681,0.125,0.05,0.8,0.5,0.24688056125941138,Low Risk,0,0.0
320,Server,2018-03-05,2021-03-04,6425,Operations,Active,Sanchez Group,Audrey Smith,High,2,10,7.958904109589041,1.0,5.0,0.9941820670773442,0.125,0.125,0.4,1.0,0.47133641341546884,Medium Risk,0,0.12
321,Server,2023-08-02,2026-08-01,14998,Compliance,In Maintenance,"Myers, Blankenship and Sandoval",David Duran,High,5,3,2.5452054794520547,2.0,5.0,0.31793292265571527,0.25,0.125,1.0,0.3,0.35858658453114306,Low Risk,0,0.0
322,Desktop,2020-01-30,2023-01-29,1223,Finance,Retired,"Gallegos, Sellers and Lewis",Bradley Fry,Medium,5,5,6.052054794520548,2.0,6.0,0.7559890485968515,0.25,0.15,1.0,0.5,0.4811978097193704,Medium Risk,0,0.43
323,Storage,2025-07-16,2028-07-15,11827,IT,In Maintenance,"Lewis, Schaefer and Melendez",William Estrada,Low,3,5,0.589041095890411,0.0,0.0,0.07357973990417523,0.0,0.0,0.6,0.5,0.17971594798083504,Low Risk,0,0.0
324,Storage,2025-05-15,2028-05-14,7380,Risk,Retired,"Chan, Gutierrez and Miller",Mr. Donald Phillips,High,2,7,0.7589041095890411,1.0,7.0,0.094798083504449,0.125,0.175,0.4,0.7,0.2564596167008898,Low Risk,0,0.0
325,Laptop,2021-03-05,2024-03-04,1567,Compliance,Active,"Parker, Stokes and Doyle",Rebecca Graham,Low,2,4,4.956164383561644,4.0,23.0,0.6190965092402464,0.5,0.575,0.4,0.4,0.5088193018480492,Medium Risk,1,0.48
326,Desktop,2020-05-16,2023-05-16,1459,IT,Retired,Barrera-Johnson,Carlos Peck,Medium,4,3,5.758904109589041,3.0,15.0,0.7193702943189596,0.375,0.375,0.8,0.3,0.49637405886379193,Medium Risk,1,0.78
327,Storage,2021-11-15,2024-11-14,7402,Compliance,In Maintenance,Walker-Larson,Ashley Smith,Medium,4,2,4.257534246575342,0.0,0.0,0.5318275154004106,0.0,0.0,0.8,0.2,0.2563655030800821,Low Risk,0,0.0
328,Laptop,2022-11-09,2025-11-08,1825,Risk,Retired,Martin and Sons,Robin Miller DVM,Medium,3,8,3.2739726027397262,1.0,2.0,0.40896646132785763,0.125,0.05,0.6,0.8,0.33929329226557153,Low Risk,0,0.0
329,Network Device,2024-09-04,2027-09-04,4681,Risk,Active,Wilson LLC,Austin Salas,Low,1,8,1.452054794520548,0.0,0.0,0.18138261464750172,0.0,0.0,0.2,0.8,0.18627652292950034,Low Risk,0,0.0
330,Server,2023-05-18,2026-05-17,6037,Risk,In Maintenance,Schneider Inc,Jack Schultz,High,4,4,2.7534246575342465,2.0,13.0,0.3439425051334702,0.25,0.325,0.8,0.4,0.38878850102669404,Low Risk,0,0.03
331,Network Device,2023-11-01,2026-10-31,4199,HR,In Maintenance,"Young, Wood and Wagner",Scott Harvey,Medium,5,10,2.2958904109589042,1.0,6.0,0.2867898699520876,0.125,0.15,1.0,1.0,0.42485797399041747,Medium Risk,0,0.09
332,Desktop,2024-09-21,2027-09-21,1959,Operations,In Maintenance,Miller-Lawrence,Carrie Silva,Low,1,1,1.4054794520547946,2.0,4.0,0.17556468172484602,0.25,0.1,0.2,0.1,0.17511293634496922,Low Risk,0,0.0
333,Laptop,2019-06-17,2022-06-16,2282,Operations,Active,Gray LLC,Barbara Lewis,High,2,8,6.673972602739726,4.0,26.0,0.8336755646817248,0.5,0.65,0.4,0.8,0.6267351129363449,Medium Risk,1,0.76
334,Network Device,2024-07-01,2027-07-01,2005,Operations,Active,Mayer-Doyle,Danielle Phillips,Low,2,5,1.63013698630137,0.0,0.0,0.20362765229295005,0.0,0.0,0.4,0.5,0.17572553045859002,Low Risk,0,0.0
335,Desktop,2024-07-03,2027-07-03,1361,Finance,Retired,"Chaney, Sharp and Martinez",Daniel Anderson,Medium,3,2,1.6246575342465754,2.0,3.0,0.20294318959616703,0.25,0.075,0.6,0.2,0.2505886379192334,Low Risk,0,0.0
336,Server,2018-02-18,2021-02-17,7711,Finance,In Maintenance,"Keller, Butler and Fuentes",Christina Lee,Low,3,4,8.0,2.0,8.0,0.999315537303217,0.25,0.2,0.6,0.4,0.46486310746064335,Medium Risk,0,0.27
337,Network Device,2018-09-16,2021-09-15,7369,Finance,Retired,Gomez-Lewis,Joseph Griffin,High,1,4,7.424657534246576,1.0,2.0,0.9274469541409993,0.125,0.05,0.2,0.4,0.3229893908281999,Low Risk,0,0.0
338,Network Device,2018-10-15,2021-10-14,2638,IT,Retired,Ellis PLC,Joshua Mendoza,High,5,8,7.345205479452055,0.0,0.0,0.9175222450376455,0.0,0.0,1.0,0.8,0.45350444900752906,Medium Risk,0,0.04
339,Laptop,2024-10-14,2027-10-14,1016,Compliance,In Maintenance,Miller Ltd,Cathy Gutierrez,High,4,3,1.3424657534246576,3.0,16.0,0.1676933607118412,0.375,0.4,0.8,0.3,0.39103867214236826,Low Risk,0,0.08
340,Network Device,2023-02-04,2026-02-03,2580,IT,In Maintenance,"Nguyen, Blake and Wilson",Michael Ramirez,High,1,2,3.0356164383561643,3.0,9.0,0.379192334017796,0.375,0.225,0.2,0.2,0.29333846680355924,Low Risk,0,0.0
341,Server,2022-01-15,2025-01-14,11022,HR,Active,"Mendoza, Bennett and Shields",Valerie Hughes,Medium,2,3,4.090410958904109,2.0,2.0,0.5109514031485284,0.25,0.05,0.4,0.3,0.2921902806297057,Low Risk,0,0.0
342,Laptop,2025-03-13,2028-03-12,2086,Risk,Active,Fitzgerald Group,Raymond Sweeney,Low,2,8,0.9315068493150684,0.0,0.0,0.1163586584531143,0.0,0.0,0.4,0.8,0.20327173169062285,Low Risk,0,0.0
343,Server,2018-08-03,2021-08-02,8490,Compliance,Retired,"Snyder, Martin and Cole",Karen Harris,High,4,10,7.545205479452055,1.0,5.0,0.9425051334702259,0.125,0.125,0.8,1.0,0.5210010266940452,Medium Risk,1,0.71
344,Network Device,2025-07-07,2028-07-06,3779,Finance,Active,Thomas and Sons,Mr. Derek Roth,High,1,10,0.6136986301369863,2.0,6.0,0.07665982203969884,0.25,0.15,0.2,1.0,0.30033196440793974,Low Risk,0,0.0
345,Network Device,2020-01-17,2023-01-16,4879,Operations,In Maintenance,"Allen, Mclaughlin and Johnson",Kyle Austin,High,2,5,6.087671232876712,5.0,23.0,0.7604380561259411,0.625,0.575,0.4,0.5,0.5895876112251881,Medium Risk,1,0.88
346,Laptop,2019-02-11,2022-02-10,1508,Risk,Retired,"Davis, Oliver and Jones",Laurie Adams,Low,5,5,7.019178082191781,2.0,10.0,0.8767967145790554,0.25,0.25,1.0,0.5,0.525359342915811,Medium Risk,1,0.74
347,Laptop,2025-05-26,2028-05-25,2348,HR,Active,Colon-Robbins,Natalie Swanson,Low,5,9,0.7287671232876712,3.0,14.0,0.09103353867214237,0.375,0.35,1.0,0.9,0.4857067077344285,Medium Risk,0,0.2
348,Desktop,2021-02-15,2024-02-15,1602,HR,Retired,"Johnson, Taylor and Green",Calvin Gonzalez,High,2,8,5.005479452054795,2.0,8.0,0.6252566735112937,0.25,0.2,0.4,0.8,0.42005133470225875,Medium Risk,0,0.03
349,Network Device,2019-04-27,2022-04-26,2923,IT,In Maintenance,Mitchell-Stevenson,Joe Abbott,Low,5,2,6.813698630136987,2.0,11.0,0.851129363449692,0.25,0.275,1.0,0.2,0.48022587268993844,Medium Risk,0,0.09
350,Storage,2023-01-23,2026-01-22,3197,HR,In Maintenance,Flores-James,Eric Jones,High,4,10,3.0684931506849313,5.0,22.0,0.38329911019849416,0.625,0.55,0.8,1.0,0.6441598220396989,Medium Risk,1,0.98
351,Network Device,2023-04-01,2026-03-31,4993,Risk,Retired,"Charles, Green and Hill",Stacey Harper,High,4,2,2.882191780821918,4.0,17.0,0.3600273785078713,0.5,0.425,0.8,0.2,0.45700547570157424,Medium Risk,0,0.11
352,Laptop,2018-08-24,2021-08-23,2202,Finance,Active,Bolton-Roberts,Monica Smith,Medium,2,1,7.487671232876712,2.0,11.0,0.9353182751540041,0.25,0.275,0.4,0.1,0.3920636550308008,Low Risk,0,0.02
353,Laptop,2025-06-21,2028-06-20,1815,Risk,In Maintenance,Curtis-Murphy,Brenda Young,Low,5,7,0.6575342465753424,0.0,0.0,0.08213552361396304,0.0,0.0,1.0,0.7,0.2714271047227926,Low Risk,0,0.0
354,Network Device,2023-03-10,2026-03-09,7749,Operations,Active,Robles-Gardner,Gina Diaz,Low,5,9,2.9424657534246577,3.0,10.0,0.3675564681724846,0.375,0.25,1.0,0.9,0.5210112936344969,Medium Risk,1,0.8
355,Storage,2023-02-12,2026-02-11,5501,HR,Active,Reeves-Miles,Tiffany Mason,Medium,1,9,3.0136986301369864,2.0,8.0,0.37645448323066394,0.25,0.2,0.2,0.9,0.3552908966461328,Low Risk,0,0.01
356,Desktop,2024-02-29,2027-02-28,1118,Risk,In Maintenance,Robles-Rodgers,Elizabeth Lewis,Medium,5,2,1.9671232876712328,3.0,8.0,0.2457221081451061,0.375,0.2,1.0,0.2,0.38164442162902124,Low Risk,0,0.02
357,Server,2022-03-01,2025-02-28,12167,Compliance,Active,"Chandler, Sanders and Russo",James Campbell MD,High,2,2,3.967123287671233,1.0,3.0,0.49555099247091033,0.125,0.075,0.4,0.2,0.24161019849418205,Low Risk,0,0.0
358,Network Device,2024-01-19,2027-01-18,2950,Operations,Retired,Herrera-Floyd,Mr. Antonio Hayes Jr.,Low,1,5,2.0794520547945203,1.0,6.0,0.2597535934291581,0.125,0.15,0.2,0.5,0.2244507186858316,Low Risk,0,0.0
359,Desktop,2023-12-09,2026-12-08,1044,Finance,Retired,Curtis Group,Linda Andrews,High,1,3,2.191780821917808,5.0,24.0,0.2737850787132101,0.625,0.6,0.2,0.3,0.43725701574264203,Medium Risk,0,0.2
360,Network Device,2022-10-24,2025-10-23,4840,Risk,Retired,Smith PLC,Russell Spence,Low,3,3,3.317808219178082,3.0,13.0,0.4144421629021218,0.375,0.325,0.6,0.3,0.3953884325804244,Low Risk,0,0.01
361,Server,2021-11-08,2024-11-07,7079,Compliance,In Maintenance,Kennedy Ltd,Scott Meza,Low,1,1,4.276712328767124,4.0,28.0,0.5342231348391513,0.5,0.7,0.2,0.1,0.44184462696783033,Medium Risk,0,0.14
362,Server,2021-06-25,2024-06-24,12034,HR,Retired,Williams Inc,Stephanie Baker,High,3,10,4.64931506849315,2.0,10.0,0.5807665982203969,0.25,0.25,0.6,1.0,0.48115331964407937,Medium Risk,0,0.25
363,Laptop,2023-12-27,2026-12-26,2016,Operations,Retired,"Thomas, Singleton and Garcia",Haley Bradley,Medium,1,8,2.1424657534246574,1.0,4.0,0.26762491444216285,0.125,0.1,0.2,0.8,0.26102498288843257,Low Risk,0,0.0
364,Storage,2018-03-26,2021-03-25,5734,HR,Active,"Johnson, Hanna and Knight",Kelly Oliver,Medium,1,10,7.901369863013699,1.0,1.0,0.9869952087611225,0.125,0.025,0.2,1.0,0.4198990417522245,Medium Risk,0,0.07
365,Laptop,2024-11-24,2027-11-24,1467,Compliance,Retired,"Howe, Brown and King",Nancy Ellis,High,1,1,1.2301369863013698,0.0,0.0,0.15366187542778917,0.0,0.0,0.2,0.1,0.07573237508555783,Low Risk,0,0.0
366,Desktop,2023-03-05,2026-03-04,894,Operations,In Maintenance,Eaton-Clements,John Ryan,Medium,2,3,2.956164383561644,0.0,0.0,0.36926762491444215,0.0,0.0,0.4,0.3,0.17885352498288842,Low Risk,0,0.0
367,Laptop,2018-09-23,2021-09-22,2132,Compliance,Retired,Black Group,Joel Barr,Low,4,4,7.405479452054794,3.0,13.0,0.9250513347022586,0.375,0.325,0.8,0.4,0.5425102669404518,Medium Risk,1,0.93
368,Server,2019-10-02,2022-10-01,9067,Operations,Retired,Raymond Inc,Monica Henderson,Medium,3,2,6.380821917808219,3.0,24.0,0.7970568104038329,0.375,0.6,0.6,0.2,0.5119113620807666,Medium Risk,1,0.9
369,Storage,2025-01-02,2028-01-02,9108,Finance,Retired,Bailey Ltd,Nicolas Sandoval,Low,1,3,1.1232876712328768,4.0,22.0,0.1403148528405202,0.5,0.55,0.2,0.3,0.36306297056810405,Low Risk,0,0.0
370,Desktop,2021-07-08,2024-07-07,1856,Finance,In Maintenance,"Hale, Johnson and Brown",Jimmy Hopkins,High,4,5,4.6136986301369864,2.0,9.0,0.5763175906913073,0.25,0.225,0.8,0.5,0.4302635181382615,Medium Risk,0,0.01
371,Server,2022-06-16,2025-06-15,10362,Finance,Retired,Moody PLC,Ryan Velez,Medium,1,6,3.673972602739726,4.0,13.0,0.4589322381930185,0.5,0.325,0.2,0.6,0.4267864476386036,Medium Risk,0,0.08
372,Desktop,2022-06-23,2025-06-22,1397,Risk,In Maintenance,Scott Inc,Taylor Wagner,Low,5,4,3.654794520547945,1.0,1.0,0.45653661875427787,0.125,0.025,1.0,0.4,0.3438073237508556,Low Risk,0,0.0
373,Network Device,2023-04-14,2026-04-13,5016,Risk,In Maintenance,"Berger, Raymond and Freeman",Zachary Thomas,High,5,4,2.8465753424657536,2.0,13.0,0.35557837097878164,0.25,0.325,1.0,0.4,0.4211156741957563,Medium Risk,0,0.01
374,Desktop,2018-04-02,2021-04-01,813,Operations,Active,Green Inc,Cynthia Klein,High,5,6,7.882191780821918,0.0,0.0,0.9845995893223819,0.0,0.0,1.0,0.6,0.43691991786447637,Medium Risk,0,0.02
375,Laptop,2019-10-15,2022-10-14,1686,Finance,Retired,Mckenzie LLC,Brittany Frazier,Medium,3,2,6.345205479452055,5.0,24.0,0.7926078028747433,0.625,0.6,0.6,0.2,0.5860215605749487,Medium Risk,1,0.93
376,Desktop,2023-10-06,2026-10-05,1885,IT,In Maintenance,Martinez and Sons,Christopher Collier,Medium,1,3,2.367123287671233,2.0,5.0,0.29568788501026694,0.25,0.125,0.2,0.3,0.2341375770020534,Low Risk,0,0.0
377,Server,2021-04-23,2024-04-22,6524,Finance,Active,"Page, Kent and Price",Jason Hernandez,Low,4,6,4.821917808219178,2.0,9.0,0.6023271731690623,0.25,0.225,0.8,0.6,0.4504654346338124,Medium Risk,0,0.02
378,Network Device,2025-03-05,2028-03-04,2695,Risk,Active,"Cox, Peters and Klein",Thomas Lopez,Low,2,7,0.9534246575342465,3.0,9.0,0.1190965092402464,0.375,0.225,0.4,0.7,0.34631930184804927,Low Risk,0,0.05
379,Laptop,2025-12-21,2028-12-20,2212,Risk,Active,Moore-Crawford,Joseph Vasquez,Medium,2,4,0.15616438356164383,2.0,10.0,0.01950718685831622,0.25,0.25,0.4,0.4,0.24890143737166326,Low Risk,0,0.0
380,Server,2025-02-06,2028-02-06,9276,HR,In Maintenance,Summers-Warner,Michael Brown,Low,3,6,1.0273972602739727,6.0,25.0,0.12833675564681726,0.75,0.625,0.6,0.6,0.5556673511293634,Medium Risk,1,0.84
381,Network Device,2022-05-27,2025-05-26,4227,IT,Active,"Mcintyre, Mack and Ramos",Melissa Johnson,High,2,10,3.728767123287671,2.0,4.0,0.4657768651608487,0.25,0.1,0.4,1.0,0.39815537303216975,Low Risk,0,0.0
382,Laptop,2020-06-30,2023-06-30,1318,Finance,Active,"Jackson, Nguyen and Reid",Karen Hartman,Medium,4,6,5.635616438356164,2.0,13.0,0.7039698836413415,0.25,0.325,0.8,0.6,0.4907939767282683,Medium Risk,1,0.48
383,Network Device,2019-04-14,2022-04-13,2989,Risk,In Maintenance,Whitaker PLC,Crystal Jarvis,High,4,5,6.8493150684931505,2.0,6.0,0.8555783709787816,0.25,0.15,0.8,0.5,0.47111567419575634,Medium Risk,0,0.08
384,Network Device,2025-03-14,2028-03-13,4170,Finance,Active,Robinson Group,Robert Long,High,3,10,0.9287671232876712,3.0,14.0,0.11601642710472279,0.375,0.35,0.6,1.0,0.4457032854209446,Medium Risk,0,0.12
385,Laptop,2019-03-03,2022-03-02,1440,HR,Active,Yoder-Porter,Pamela Rogers,High,2,6,6.964383561643835,3.0,17.0,0.8699520876112251,0.375,0.425,0.4,0.6,0.521490417522245,Medium Risk,1,0.43
386,Network Device,2018-12-04,2021-12-03,6206,Finance,Retired,Garrett-Bray,Jonathan Richards,Medium,3,3,7.208219178082191,3.0,14.0,0.9004106776180697,0.375,0.35,0.6,0.3,0.4975821355236139,Medium Risk,1,0.78
387,Laptop,2023-06-06,2026-06-05,1828,Operations,Retired,Henderson LLC,Sandra Gray,Low,5,4,2.7013698630136984,6.0,21.0,0.33744010951403147,0.75,0.525,1.0,0.4,0.6074880219028063,Medium Risk,1,0.99
388,Laptop,2019-04-15,2022-04-14,1946,Finance,Active,"Austin, Taylor and Duncan",Eric Thompson,High,1,1,6.846575342465753,1.0,7.0,0.8552361396303901,0.125,0.175,0.2,0.1,0.28854722792607806,Low Risk,0,0.0
389,Desktop,2025-01-26,2028-01-26,1067,IT,In Maintenance,Patel PLC,April Garcia,Medium,1,10,1.0575342465753426,2.0,6.0,0.13210130047912388,0.25,0.15,0.2,1.0,0.3114202600958248,Low Risk,0,0.0
390,Storage,2022-01-15,2025-01-14,7240,Finance,Active,"Doyle, Knapp and Martin",Kristen Wright,High,2,8,4.090410958904109,1.0,6.0,0.5109514031485284,0.125,0.15,0.4,0.8,0.34969028062970564,Low Risk,0,0.0
391,Desktop,2021-10-24,2024-10-23,988,HR,Active,Jenkins PLC,Rachel Martin,High,4,1,4.317808219178082,2.0,8.0,0.5393566050650239,0.25,0.2,0.8,0.1,0.3578713210130048,Low Risk,0,0.0
392,Desktop,2025-07-10,2028-07-09,1975,Operations,Retired,"Conley, Taylor and Harmon",Glenda Miller,Medium,4,1,0.6054794520547945,3.0,16.0,0.07563312799452429,0.375,0.4,0.8,0.1,0.3426266255989049,Low Risk,0,0.05
393,Network Device,2022-11-24,2025-11-23,7596,Operations,Active,Moore-Alvarez,Kimberly Hunter,Medium,2,3,3.232876712328767,3.0,15.0,0.40383299110198495,0.375,0.375,0.4,0.3,0.373266598220397,Low Risk,0,0.0
394,Server,2024-02-18,2027-02-17,9585,Operations,Active,"Ballard, Bell and King",Daniel Johnson,High,5,10,1.9972602739726026,2.0,6.0,0.2494866529774127,0.25,0.15,1.0,1.0,0.45489733059548254,Medium Risk,0,0.05
395,Storage,2020-06-24,2023-06-24,7026,Compliance,In Maintenance,Willis-Wheeler,Jonathan Davis,Medium,4,9,5.652054794520548,1.0,2.0,0.7060232717316905,0.125,0.05,0.8,0.9,0.4437046543463381,Medium Risk,0,0.1
396,Network Device,2025-08-09,2028-08-08,2499,Finance,In Maintenance,"Cook, Quinn and Dickson",Rita Griffin,Medium,2,7,0.5232876712328767,4.0,25.0,0.06536618754277891,0.5,0.625,0.4,0.7,0.45307323750855577,Medium Risk,0,0.12
397,Desktop,2026-02-05,2029-02-04,1876,IT,Retired,"Martin, Miller and Zavala",Hunter Woods,Low,1,7,0.030136986301369864,1.0,8.0,0.0037645448323066393,0.125,0.2,0.2,0.7,0.21325290896646132,Low Risk,0,0.0
398,Server,2020-12-03,2023-12-03,12859,Risk,In Maintenance,"Welch, Garcia and Bruce",Albert Johnson,Medium,5,9,5.208219178082191,2.0,7.0,0.6505817932922655,0.25,0.175,1.0,0.9,0.5251163586584531,Medium Risk,1,0.81
399,Server,2025-07-31,2028-07-30,11363,HR,Active,Green LLC,Gerald Holt,High,3,10,0.547945205479452,2.0,5.0,0.06844626967830253,0.25,0.125,0.6,1.0,0.35368925393566053,Low Risk,0,0.0
400,Desktop,2020-05-27,2023-05-27,860,HR,Active,Maxwell Group,Willie James,Medium,5,6,5.728767123287671,2.0,6.0,0.7156057494866529,0.25,0.15,1.0,0.6,0.4881211498973306,Medium Risk,1,0.68
401,Storage,2021-09-14,2024-09-13,6813,IT,Active,Smith-Santos,Michael Hernandez,High,2,5,4.427397260273972,0.0,0.0,0.5530458590006844,0.0,0.0,0.4,0.5,0.24560917180013686,Low Risk,0,0.0
402,Storage,2022-09-02,2025-09-01,3916,IT,Retired,"Anderson, Torres and Arellano",Scott Cline,Medium,3,3,3.4602739726027396,4.0,21.0,0.4322381930184805,0.5,0.525,0.6,0.3,0.47644763860369604,Medium Risk,0,0.11
403,Desktop,2023-11-01,2026-10-31,1284,Risk,In Maintenance,Harrison-Campbell,Henry Baldwin,Low,3,10,2.2958904109589042,1.0,5.0,0.2867898699520876,0.125,0.125,0.6,1.0,0.3598579739904175,Low Risk,0,0.01
404,Laptop,2018-03-24,2021-03-23,2440,Compliance,In Maintenance,Moore-Wood,Angela Cole,Low,5,3,7.906849315068493,0.0,0.0,0.9876796714579056,0.0,0.0,1.0,0.3,0.3925359342915811,Low Risk,0,0.01
405,Storage,2025-05-09,2028-05-08,6084,Operations,Retired,Harrison-Parker,Sabrina Hughes,Medium,2,8,0.7753424657534247,2.0,11.0,0.09685147159479808,0.25,0.275,0.4,0.8,0.3293702943189596,Low Risk,0,0.0
406,Laptop,2022-06-21,2025-06-20,1184,Finance,Active,Soto and Sons,Antonio Morales,Low,2,1,3.66027397260274,2.0,8.0,0.45722108145106094,0.25,0.2,0.4,0.1,0.2814442162902122,Low Risk,0,0.0
407,Storage,2024-05-07,2027-05-07,10831,Finance,In Maintenance,Goodwin-Oconnor,Scott Juarez,Low,2,3,1.7808219178082192,3.0,11.0,0.22245037645448323,0.375,0.275,0.4,0.3,0.3169900752908966,Low Risk,0,0.0
408,Server,2025-08-20,2028-08-19,7907,HR,Active,Bishop and Sons,Elizabeth Robinson,High,2,10,0.4931506849315068,2.0,9.0,0.061601642710472276,0.25,0.225,0.4,1.0,0.3423203285420945,Low Risk,0,0.0
409,Desktop,2022-06-25,2025-06-24,1027,Risk,In Maintenance,Aguirre-Brown,Elizabeth Byrd MD,High,3,7,3.649315068493151,0.0,0.0,0.45585215605749485,0.0,0.0,0.6,0.7,0.286170431211499,Low Risk,0,0.0
410,Storage,2019-09-06,2022-09-05,4655,HR,In Maintenance,Kirk-Wallace,Victoria Ellis,Medium,2,3,6.4520547945205475,2.0,16.0,0.8059548254620122,0.25,0.4,0.4,0.3,0.42119096509240245,Medium Risk,0,0.24
411,Network Device,2024-04-02,2027-04-02,7236,Operations,Retired,"Owens, Phillips and Henson",Todd Jacobson,Medium,2,9,1.8767123287671232,2.0,13.0,0.23442847364818617,0.25,0.325,0.4,0.9,0.38188569472963724,Low Risk,0,0.04
412,Storage,2023-03-15,2026-03-14,8846,IT,Retired,Fields and Sons,Heather Marshall,Low,2,7,2.9287671232876713,3.0,12.0,0.365845311430527,0.375,0.3,0.4,0.7,0.4106690622861054,Medium Risk,0,0.04
413,Server,2024-09-04,2027-09-04,9825,IT,Active,Scott Group,Anthony Payne,Low,1,10,1.452054794520548,2.0,7.0,0.18138261464750172,0.25,0.175,0.2,1.0,0.3262765229295003,Low Risk,0,0.03
414,Network Device,2021-10-26,2024-10-25,6648,Finance,Active,Cook LLC,David Schroeder,Low,3,10,4.3123287671232875,2.0,9.0,0.5386721423682409,0.25,0.225,0.6,1.0,0.4677344284736482,Medium Risk,0,0.22
415,Desktop,2021-08-15,2024-08-14,1958,Finance,In Maintenance,Price LLC,Ashley Oliver,High,3,2,4.50958904109589,0.0,0.0,0.5633127994524298,0.0,0.0,0.6,0.2,0.23266255989048598,Low Risk,0,0.0
416,Desktop,2020-09-01,2023-09-01,1510,HR,Active,Mcpherson-Johnson,Pamela Boyer,Low,1,6,5.463013698630137,3.0,11.0,0.6824093086926762,0.375,0.275,0.2,0.6,0.42398186173853525,Medium Risk,0,0.13
417,Network Device,2022-04-18,2025-04-17,2093,HR,Active,Thomas LLC,Cassie Sampson,High,1,6,3.835616438356164,3.0,14.0,0.4791238877481177,0.375,0.35,0.2,0.6,0.3983247775496235,Low Risk,0,0.01
418,Server,2022-08-10,2025-08-09,6770,Compliance,Active,Peterson Group,Samuel Perez,High,4,8,3.5232876712328767,4.0,25.0,0.4401095140314853,0.5,0.625,0.8,0.8,0.6030219028062971,Medium Risk,1,0.88
419,Network Device,2024-05-19,2027-05-19,3362,Operations,In Maintenance,Parker Ltd,Joseph Vang,Medium,3,9,1.747945205479452,0.0,0.0,0.21834360027378508,0.0,0.0,0.6,0.9,0.26866872005475706,Low Risk,0,0.0
420,Network Device,2022-12-10,2025-12-09,2830,Operations,Retired,Chen PLC,Richard Stokes,Low,2,3,3.1890410958904107,4.0,20.0,0.3983572895277207,0.5,0.5,0.4,0.3,0.4346714579055441,Medium Risk,0,0.05
421,Network Device,2023-10-02,2026-10-01,2603,Finance,In Maintenance,"Smith, Velasquez and White",Philip Mcguire,High,3,5,2.378082191780822,0.0,0.0,0.29705681040383297,0.0,0.0,0.6,0.5,0.22441136208076662,Low Risk,0,0.0
422,Laptop,2022-11-07,2025-11-06,1151,HR,Active,Pace Ltd,Lucas Murphy,Medium,2,2,3.2794520547945205,2.0,16.0,0.40965092402464065,0.25,0.4,0.4,0.2,0.3269301848049282,Low Risk,0,0.0
423,Storage,2018-12-11,2021-12-10,4525,HR,Retired,"Ramirez, Jennings and Michael",William Melendez,Low,4,1,7.189041095890411,1.0,3.0,0.8980150581793291,0.125,0.075,0.8,0.1,0.36710301163586584,Low Risk,0,0.0
424,Network Device,2022-07-18,2025-07-17,7354,IT,Retired,Williams Inc,Madeline Davis,Medium,2,1,3.5863013698630137,2.0,13.0,0.44798083504449004,0.25,0.325,0.4,0.1,0.304596167008898,Low Risk,0,0.0
425,Laptop,2025-02-15,2028-02-15,1678,IT,Active,Ayers PLC,Stacy Ryan,Medium,5,9,1.0027397260273974,2.0,5.0,0.12525667351129363,0.25,0.125,1.0,0.9,0.41005133470225874,Medium Risk,0,0.0
426,Server,2020-12-06,2023-12-06,9612,HR,Active,Andrews Inc,Angela Levy,High,1,7,5.2,0.0,0.0,0.6495550992470911,0.0,0.0,0.2,0.7,0.26491101984941823,Low Risk,0,0.0
427,Storage,2019-10-18,2022-10-17,11043,IT,Active,"Morgan, Stewart and Watson",David Bentley,Medium,1,7,6.336986301369863,2.0,4.0,0.7915811088295688,0.25,0.1,0.2,0.7,0.38831622176591374,Low Risk,0,0.01
428,Laptop,2023-10-25,2026-10-24,1603,Compliance,Retired,Cameron and Sons,Douglas Nichols,Low,4,4,2.315068493150685,4.0,6.0,0.28918548939082817,0.5,0.15,0.8,0.4,0.41783709787816564,Medium Risk,0,0.11
429,Laptop,2022-04-19,2025-04-18,1052,IT,Active,Smith Inc,Steve Chambers,Low,3,2,3.8328767123287673,1.0,5.0,0.4787816563997262,0.125,0.125,0.6,0.2,0.2782563312799452,Low Risk,0,0.0
430,Network Device,2022-03-18,2025-03-17,2946,HR,In Maintenance,Hernandez Group,Erika Lee,Medium,4,5,3.9205479452054797,2.0,9.0,0.48973305954825463,0.25,0.225,0.8,0.5,0.41294661190965093,Medium Risk,0,0.0
431,Laptop,2022-07-17,2025-07-16,2314,Risk,In Maintenance,"Maxwell, Obrien and Munoz",Travis Young,High,3,7,3.589041095890411,3.0,12.0,0.4483230663928816,0.375,0.3,0.6,0.7,0.45716461327857627,Medium Risk,0,0.11
432,Server,2019-05-28,2022-05-27,8056,Operations,Active,Wood Group,Christopher White,Medium,4,8,6.728767123287671,0.0,0.0,0.840520191649555,0.0,0.0,0.8,0.8,0.40810403832991105,Medium Risk,0,0.04
433,Server,2019-01-23,2022-01-22,8706,HR,Retired,Lee Group,Christopher Frye,High,2,2,7.071232876712329,2.0,4.0,0.8832991101984942,0.25,0.1,0.4,0.2,0.3616598220396988,Low Risk,0,0.0
434,Laptop,2025-01-09,2028-01-09,2368,HR,Retired,Blanchard and Sons,Brian May,Medium,5,4,1.104109589041096,1.0,2.0,0.1379192334017796,0.125,0.05,1.0,0.4,0.2850838466803559,Low Risk,0,0.0
435,Storage,2023-04-27,2026-04-26,3999,Operations,Retired,Lopez Ltd,Margaret Spears,Medium,5,8,2.8109589041095893,0.0,0.0,0.35112936344969203,0.0,0.0,1.0,0.8,0.3402258726899384,Low Risk,0,0.0
436,Storage,2018-03-12,2021-03-11,6860,Operations,In Maintenance,Wright-Campos,Douglas Livingston,High,4,1,7.93972602739726,1.0,6.0,0.9917864476386036,0.125,0.15,0.8,0.1,0.4008572895277207,Medium Risk,0,0.04
437,Storage,2025-10-20,2028-10-19,11467,Risk,Retired,Valdez-Patton,Ryan Fowler,Low,2,2,0.32602739726027397,3.0,13.0,0.04072553045859,0.375,0.325,0.4,0.2,0.275645106091718,Low Risk,0,0.0
438,Network Device,2021-01-25,2024-01-25,3416,IT,Active,"Cruz, Aguilar and Roberts",Jeffrey Murphy,High,2,1,5.063013698630137,1.0,6.0,0.6324435318275153,0.125,0.15,0.4,0.1,0.2689887063655031,Low Risk,0,0.0
439,Network Device,2018-09-30,2021-09-29,2641,Compliance,In Maintenance,Wyatt and Sons,Autumn Orr,High,2,10,7.3863013698630136,2.0,9.0,0.9226557152635181,0.25,0.225,0.4,1.0,0.5145311430527036,Medium Risk,1,0.42
440,Server,2022-08-23,2025-08-22,10238,Compliance,Active,"Gould, Tran and Roberts",Jonathan Herrera,High,4,9,3.4876712328767123,1.0,1.0,0.43566050650239563,0.125,0.025,0.8,0.9,0.38463210130047915,Low Risk,0,0.0
441,Network Device,2020-11-09,2023-11-09,6522,HR,In Maintenance,"Smith, Ortiz and Hill",Victor Adams,Low,4,1,5.273972602739726,5.0,25.0,0.6587953456536619,0.625,0.625,0.8,0.1,0.5792590691307324,Medium Risk,1,0.72
442,Storage,2023-05-04,2026-05-03,11561,Operations,Active,"Sanchez, Jackson and Lynch",Ryan Morales,Medium,2,3,2.791780821917808,1.0,2.0,0.34873374401095136,0.125,0.05,0.4,0.3,0.22224674880219025,Low Risk,0,0.0
443,Storage,2023-01-06,2026-01-05,4641,Finance,Retired,Evans Ltd,Jodi Bennett,High,3,9,3.115068493150685,4.0,23.0,0.3891170431211499,0.5,0.575,0.6,0.9,0.56782340862423,Medium Risk,1,0.87
444,Server,2024-01-27,2027-01-26,11732,HR,In Maintenance,Irwin Group,Alejandro Jennings,Low,4,10,2.0575342465753423,2.0,12.0,0.257015742642026,0.25,0.3,0.8,1.0,0.45640314852840524,Medium Risk,0,0.05
445,Storage,2020-10-11,2023-10-11,10750,Finance,Active,Bautista-Michael,Hunter Best,Medium,4,3,5.353424657534247,0.0,0.0,0.6687200547570158,0.0,0.0,0.8,0.3,0.2987440109514032,Low Risk,0,0.0
446,Storage,2022-07-08,2025-07-07,9581,Finance,In Maintenance,Hernandez Ltd,Donna Golden,Medium,2,1,3.6136986301369864,1.0,5.0,0.4514031485284052,0.125,0.125,0.4,0.1,0.22778062970568103,Low Risk,0,0.0
447,Network Device,2022-01-29,2025-01-28,4200,HR,Active,Jones-Hall,Victoria Mcfarland,Medium,3,5,4.052054794520548,3.0,19.0,0.5061601642710473,0.375,0.475,0.6,0.5,0.47373203285420945,Medium Risk,0,0.2
448,Server,2018-07-02,2021-07-01,13054,Compliance,Retired,Villarreal-Wong,Taylor Davis,High,2,3,7.632876712328767,2.0,3.0,0.9534565366187543,0.25,0.075,0.4,0.3,0.38569130732375084,Low Risk,0,0.0
449,Server,2022-08-03,2025-08-02,12259,HR,In Maintenance,Wheeler-Jones,Tracy Flores,Low,4,10,3.5424657534246577,3.0,16.0,0.4425051334702259,0.375,0.4,0.8,1.0,0.5510010266940452,Medium Risk,1,0.86
450,Laptop,2021-10-17,2024-10-16,1384,Operations,Active,Young and Sons,Lori Levine,Medium,4,9,4.336986301369863,3.0,11.0,0.5417522245037645,0.375,0.275,0.8,0.9,0.530850444900753,Medium Risk,1,0.92
451,Server,2023-12-03,2026-12-02,5920,Risk,Active,Wright PLC,Beverly Lewis,High,3,9,2.208219178082192,1.0,8.0,0.2758384668035592,0.125,0.2,0.6,0.9,0.35766769336071186,Low Risk,0,0.04
452,Network Device,2020-08-27,2023-08-27,3111,Risk,Retired,"Werner, White and Garrison",Melissa Werner,High,2,4,5.476712328767123,0.0,0.0,0.6841204654346338,0.0,0.0,0.4,0.4,0.2568240930869268,Low Risk,0,0.0
453,Desktop,2018-08-16,2021-08-15,918,IT,Active,"Williams, Owen and Hamilton",Mr. Jeffery Garcia DDS,Medium,1,6,7.50958904109589,1.0,7.0,0.9380561259411362,0.125,0.175,0.2,0.6,0.38011122518822726,Low Risk,0,0.02
454,Desktop,2025-05-03,2028-05-02,1361,HR,In Maintenance,Murillo and Sons,Michael Oliver,Low,4,2,0.7917808219178082,4.0,25.0,0.09890485968514716,0.5,0.625,0.8,0.2,0.4447809719370295,Medium Risk,0,0.1
455,Laptop,2024-12-21,2027-12-21,1495,HR,In Maintenance,Gray Ltd,Nicholas Mcdonald,Low,4,3,1.1561643835616437,2.0,13.0,0.14442162902121833,0.25,0.325,0.8,0.3,0.33388432580424365,Low Risk,0,0.02
456,Network Device,2023-06-28,2026-06-27,6807,Risk,In Maintenance,Kemp LLC,Michael Leach,Medium,2,5,2.6410958904109587,4.0,22.0,0.3299110198494182,0.5,0.55,0.4,0.5,0.46098220396988365,Medium Risk,0,0.37
457,Laptop,2020-07-05,2023-07-05,1583,Finance,In Maintenance,Dominguez-Gallegos,Brandon Johnston,High,2,10,5.6219178082191785,3.0,12.0,0.7022587268993841,0.375,0.3,0.4,1.0,0.5229517453798768,Medium Risk,1,0.78
458,Desktop,2024-11-18,2027-11-18,1253,Compliance,Active,Smith LLC,Brian Simmons,Low,2,5,1.2465753424657535,2.0,9.0,0.15571526351813827,0.25,0.225,0.4,0.5,0.28614305270362766,Low Risk,0,0.0
459,Network Device,2019-04-28,2022-04-27,6204,Finance,Retired,Sweeney Ltd,Katherine Mclean,High,4,3,6.810958904109589,3.0,5.0,0.8507871321013005,0.375,0.125,0.8,0.3,0.4726574264202601,Medium Risk,0,0.17
460,Desktop,2024-01-09,2027-01-08,817,IT,In Maintenance,"Copeland, Hernandez and Bryant",Richard Pearson,Low,3,5,2.106849315068493,2.0,8.0,0.26317590691307324,0.25,0.2,0.6,0.5,0.33263518138261466,Low Risk,0,0.0
461,Network Device,2023-05-14,2026-05-13,5084,HR,In Maintenance,Williams-Howe,Robert Rivas,Medium,2,8,2.7643835616438355,2.0,14.0,0.3453114305270362,0.25,0.35,0.4,0.8,0.3940622861054072,Low Risk,0,0.05
462,Server,2018-12-12,2021-12-11,13530,Risk,In Maintenance,Cummings-Anderson,Nicholas Green,Low,1,1,7.186301369863013,2.0,12.0,0.8976728268309376,0.25,0.3,0.2,0.1,0.35953456536618755,Low Risk,0,0.01
463,Storage,2025-10-25,2028-10-24,9131,Risk,Retired,White Ltd,Julia Golden,Low,5,5,0.31232876712328766,3.0,14.0,0.03901437371663244,0.375,0.35,1.0,0.5,0.41530287474332644,Medium Risk,0,0.02
464,Server,2022-06-28,2025-06-27,6771,Operations,Active,"Freeman, Gordon and Murphy",Jason Nelson,Medium,3,6,3.6410958904109587,1.0,5.0,0.45482546201232027,0.125,0.125,0.6,0.6,0.333465092402464,Low Risk,0,0.0
465,Server,2023-05-12,2026-05-11,9278,Compliance,Retired,Reid-Gutierrez,Ricky Kim,Low,3,4,2.76986301369863,2.0,7.0,0.3459958932238193,0.25,0.175,0.6,0.4,0.32919917864476383,Low Risk,0,0.0
466,Desktop,2019-08-03,2022-08-02,1859,IT,Active,Williams Inc,Emma Taylor,Low,4,6,6.545205479452055,3.0,16.0,0.8175906913073238,0.375,0.4,0.8,0.6,0.5660181382614647,Medium Risk,1,0.96
467,Desktop,2025-05-20,2028-05-19,852,Compliance,In Maintenance,Sanchez-Horton,Jason Downs,Medium,3,7,0.7452054794520548,2.0,14.0,0.09308692676249145,0.25,0.35,0.6,0.7,0.35861738535249826,Low Risk,0,0.03
468,Network Device,2019-01-05,2022-01-04,5180,Compliance,Active,Nguyen Ltd,James Aguilar,Low,5,4,7.120547945205479,0.0,0.0,0.8894592744695414,0.0,0.0,1.0,0.4,0.38789185489390826,Low Risk,0,0.0
469,Server,2022-03-08,2025-03-07,8643,Compliance,Retired,Hensley Ltd,Amy Johnson,Low,4,6,3.947945205479452,1.0,3.0,0.4931553730321697,0.125,0.075,0.8,0.6,0.3611310746064339,Low Risk,0,0.0
470,Storage,2020-07-20,2023-07-20,7918,IT,Retired,Kane-Bailey,Karen Hebert,Low,2,5,5.580821917808219,2.0,10.0,0.6971252566735112,0.25,0.25,0.4,0.5,0.39942505133470224,Low Risk,0,0.02
471,Laptop,2018-07-17,2021-07-16,1964,IT,Retired,Tucker-Williams,Elizabeth Obrien,Medium,5,3,7.5917808219178085,2.0,6.0,0.9483230663928816,0.25,0.15,1.0,0.3,0.4896646132785763,Medium Risk,1,0.15
472,Server,2022-08-19,2025-08-18,6463,IT,In Maintenance,"Campbell, Curry and Smith",Ronald Stone,High,3,7,3.4986301369863013,1.0,2.0,0.43702943189596166,0.125,0.05,0.6,0.7,0.3299058863791923,Low Risk,0,0.0
473,Server,2021-03-31,2024-03-30,11089,HR,Retired,"Cook, Brown and Williams",Bob Reynolds,Medium,4,2,4.884931506849315,0.0,0.0,0.6101984941820671,0.0,0.0,0.8,0.2,0.27203969883641343,Low Risk,0,0.0
474,Network Device,2022-03-05,2025-03-04,2439,Compliance,Retired,"Diaz, Nelson and Boone",Jane Sanchez,Low,5,2,3.956164383561644,5.0,28.0,0.4941820670773443,0.625,0.7,1.0,0.2,0.606336413415469,Medium Risk,1,0.82
475,Network Device,2023-09-08,2026-09-07,3593,Risk,Active,Yates-White,Brandon Guzman,Low,4,9,2.4438356164383563,2.0,16.0,0.3052703627652293,0.25,0.4,0.8,0.9,0.4710540725530459,Medium Risk,0,0.19
476,Server,2023-01-29,2026-01-28,11768,Finance,Active,Golden-Foley,Jennifer James,High,2,6,3.052054794520548,1.0,4.0,0.3812457221081451,0.125,0.1,0.4,0.6,0.283749144421629,Low Risk,0,0.0
477,Network Device,2019-03-17,2022-03-16,6664,Operations,Active,"Hernandez, Hansen and Lopez",Brandon Welch,Medium,2,2,6.926027397260274,2.0,5.0,0.865160848733744,0.25,0.125,0.4,0.2,0.3630321697467488,Low Risk,0,0.0
478,Network Device,2019-09-02,2022-09-01,4724,Compliance,Active,Schultz Inc,Alicia Bailey,Medium,1,1,6.463013698630137,0.0,0.0,0.8073237508555784,0.0,0.0,0.2,0.1,0.2064647501711157,Low Risk,0,0.0
479,Network Device,2025-11-15,2028-11-14,4240,IT,Active,"Diaz, Perry and Swanson",Kaylee Pearson,Low,2,8,0.2547945205479452,2.0,11.0,0.03182751540041068,0.25,0.275,0.4,0.8,0.31636550308008216,Low Risk,0,0.0
480,Laptop,2022-02-14,2025-02-13,1265,Risk,In Maintenance,"Gates, Francis and Jones",Courtney Johns,Low,4,7,4.008219178082192,1.0,1.0,0.500684462696783,0.125,0.025,0.8,0.7,0.3676368925393566,Low Risk,0,0.0
481,Network Device,2019-08-02,2022-08-01,5910,Operations,Active,Gutierrez and Sons,Megan Smith,High,5,4,6.5479452054794525,3.0,16.0,0.8179329226557153,0.375,0.4,1.0,0.4,0.5660865845311431,Medium Risk,1,0.91
482,Server,2021-06-10,2024-06-09,5230,HR,Retired,"Lee, Hayes and Black",Lori Cooper,High,1,1,4.69041095890411,4.0,11.0,0.5859000684462697,0.5,0.275,0.2,0.1,0.3671800136892539,Low Risk,0,0.04
483,Desktop,2021-10-30,2024-10-29,1263,Compliance,In Maintenance,Snyder-Brown,Ashley Perry,Medium,2,2,4.301369863013699,2.0,11.0,0.5373032169746749,0.25,0.275,0.4,0.2,0.32746064339493497,Low Risk,0,0.0
484,Network Device,2020-07-22,2023-07-22,6123,Risk,In Maintenance,Murphy PLC,Francisco Green,High,1,1,5.575342465753424,0.0,0.0,0.6964407939767282,0.0,0.0,0.2,0.1,0.18428815879534566,Low Risk,0,0.0
485,Server,2024-06-24,2027-06-24,9764,Operations,Retired,Oneill Ltd,Tiffany Nichols,Low,5,9,1.6493150684931508,2.0,9.0,0.20602327173169063,0.25,0.225,1.0,0.9,0.44620465434633816,Medium Risk,0,0.1
486,Server,2024-07-13,2027-07-13,12105,Compliance,Active,"Henderson, Roberson and Peterson",Dr. Veronica Branch,Medium,4,6,1.5972602739726027,2.0,11.0,0.1995208761122519,0.25,0.275,0.8,0.6,0.37990417522245035,Low Risk,0,0.03
487,Desktop,2018-11-23,2021-11-22,1137,Operations,Active,Smith-Williams,Angela Newman,High,2,3,7.238356164383561,3.0,11.0,0.9041752224503764,0.375,0.275,0.4,0.3,0.4533350444900753,Medium Risk,0,0.1
488,Desktop,2022-07-26,2025-07-25,844,Risk,Retired,"Wilkinson, Moore and Jones",Kimberly Macdonald,High,1,6,3.5643835616438357,5.0,17.0,0.445242984257358,0.625,0.425,0.2,0.6,0.48154859685147156,Medium Risk,0,0.26
489,Laptop,2022-03-08,2025-03-07,1768,Compliance,In Maintenance,Wolf-Rios,Hannah Madden,Low,5,1,3.947945205479452,2.0,7.0,0.4931553730321697,0.25,0.175,1.0,0.1,0.37363107460643397,Low Risk,0,0.01
490,Storage,2021-07-08,2024-07-07,3785,Compliance,Active,"Gray, Cohen and Ortiz",Kimberly Wilson,Low,1,1,4.6136986301369864,3.0,12.0,0.5763175906913073,0.375,0.3,0.2,0.1,0.33276351813826144,Low Risk,0,0.0
491,Laptop,2023-06-12,2026-06-11,1853,Operations,In Maintenance,Humphrey-Marshall,Angela Owens,High,5,5,2.684931506849315,3.0,14.0,0.3353867214236824,0.375,0.35,1.0,0.5,0.47457734428473647,Medium Risk,0,0.29
492,Network Device,2023-10-16,2026-10-15,7749,IT,Active,Wheeler-Jones,Heather Davis,Low,1,5,2.33972602739726,2.0,5.0,0.2922655715263518,0.25,0.125,0.2,0.5,0.26345311430527035,Low Risk,0,0.0
493,Network Device,2022-06-05,2025-06-04,7420,Finance,Retired,Andrews and Sons,Christina Houston,Low,3,10,3.7041095890410958,5.0,19.0,0.4626967830253251,0.625,0.475,0.6,1.0,0.615039356605065,Medium Risk,1,0.98
494,Storage,2020-10-14,2023-10-14,5247,Operations,Active,Hensley PLC,Logan Williams,Low,5,2,5.345205479452055,2.0,11.0,0.6676933607118412,0.25,0.275,1.0,0.2,0.4435386721423682,Medium Risk,0,0.03
495,Server,2022-02-02,2025-02-01,6867,Finance,In Maintenance,"Brown, Bush and Henry",Nathan Price,High,5,4,4.041095890410959,5.0,26.0,0.5047912388774811,0.625,0.65,1.0,0.4,0.6284582477754963,Medium Risk,1,0.94
496,Server,2023-08-26,2026-08-25,13571,IT,In Maintenance,Rivera-Reed,Christopher Williams,Low,4,5,2.4794520547945207,0.0,0.0,0.30971937029431895,0.0,0.0,0.8,0.5,0.25694387405886376,Low Risk,0,0.0
497,Desktop,2024-05-27,2027-05-27,880,Risk,In Maintenance,"Sims, Blake and Morales",Bonnie Walker,High,4,6,1.726027397260274,1.0,3.0,0.21560574948665298,0.125,0.075,0.8,0.6,0.3056211498973306,Low Risk,0,0.0
498,Desktop,2019-06-15,2022-06-14,805,Finance,Retired,"Evans, Turner and Long",Patricia Thomas,High,1,10,6.67945205479452,1.0,7.0,0.8343600273785078,0.125,0.175,0.2,1.0,0.41937200547570164,Medium Risk,0,0.19
499,Network Device,2020-11-07,2023-11-07,3221,Finance,Retired,Bond LLC,Donald Chavez,High,1,5,5.279452054794521,2.0,14.0,0.659479808350445,0.25,0.35,0.2,0.5,0.38189596167008905,Low Risk,0,0.03
500,Desktop,2022-10-27,2025-10-26,1735,HR,In Maintenance,"Campbell, Rodgers and Mitchell",Laurie Lambert,Medium,1,2,3.3095890410958906,1.0,1.0,0.4134154688569473,0.125,0.025,0.2,0.2,0.18518309377138947,Low Risk,0,0.0
